1.413041,-1.350347,-0.046288,-0.201319,-0.231679,-0.492830,0.788738,-0.530636,-1.266102,1.349686,-0.060351,-0.297657,-0.134249,1.354320,-1.261635,-0.405730,0.793537,-0.501315,-0.357384,-0.157639
0.688809,0.416590,0.470791,1.358943,0.631984,-0.175606,1.140397,-0.157480,0.644037,0.012251,-0.667206,-1.513683,-1.207004,-0.550974,-0.656694,-0.891511,-0.393827,-1.344037,-0.590381,0.210924
1.282380,-0.474384,-0.599950,-0.302572,-0.915222,-0.559165,1.289606,0.832319,-0.336828,0.864005,-0.293899,-1.623621,0.349689,-0.064484,-0.743461,1.209397,0.973192,-0.268217,0.076888,-0.284328
1.158249,-0.732751,-0.928542,0.180262,0.092088,0.477325,0.893736,-1.094517,-1.389514,1.514528,1.053893,-1.663837,-0.039186,1.466040,-1.022265,-1.004578,1.496625,0.441475,-1.023039,0.077846
0.335505,1.581168,0.890203,0.601339,0.961927,-0.560861,0.633371,-0.373851,-0.071290,-0.008924,-0.644933,-0.875931,-1.026124,-1.658970,-0.777095,-0.911332,-0.302039,0.253734,0.505605,0.155451
0.616074,0.899642,0.917525,0.043647,-1.392634,-0.468127,0.186230,-0.166942,0.645990,0.349956,0.152498,0.150268,-0.846111,-0.618363,-0.148588,-0.970697,1.431949,-0.233314,-0.949169,1.074241
0.985760,0.365045,-0.907275,-0.687171,0.738776,0.183011,-0.532290,0.006377,0.272052,-0.306045,-0.000364,0.740913,-0.263524,0.009796,0.545542,-1.285065,-0.780454,0.589485,0.988219,1.335511
1.105574,-0.112266,-1.300759,-0.972572,1.349937,1.397562,-1.246093,-0.822902,0.972311,-0.375885,-0.575964,1.385250,0.153968,-1.436156,0.271413,0.447063,-0.617764,0.900945,0.827254,-1.657567
1.357230,-1.250550,-1.153054,0.595616,0.194249,0.543811,-0.102393,-1.398333,0.456750,1.303389,0.236875,-0.254245,-1.162676,-0.997992,0.881056,1.627242,-0.483331,-1.113779,1.047171,-0.218312
0.891480,0.244065,-0.657592,-0.142222,0.376072,0.989556,-0.115461,-0.350992,-0.097083,-1.674878,0.287054,0.296707,-0.396039,1.080082,0.483427,-0.230220,-0.549669,0.346786,0.521635,0.599721
1.354298,-1.442493,0.283075,0.029203,-0.705405,-0.828115,0.747906,0.174692,-0.605418,0.930401,-1.203298,0.018048,0.527439,1.206507,-0.603816,-1.240250,-0.594640,0.308807,1.266349,-1.417398
0.991158,0.698750,-0.394597,-1.637542,-0.340417,-0.206380,0.469390,1.277559,0.179513,-0.090490,-1.025388,-0.326708,1.221534,-0.532255,-0.498510,-0.176453,-0.673150,1.450404,1.323317,-0.172124
1.258532,-1.329671,-0.741181,1.196711,-0.697295,-0.607578,1.341043,-0.250065,-0.661494,1.097088,-0.082152,-1.619625,0.204520,1.561223,-0.457272,-0.964187,1.059531,0.000556,-0.833448,0.943531
1.048231,0.399832,-0.258527,-1.048525,-0.646147,-0.473908,0.566222,0.044039,0.207838,1.462175,-0.494402,-0.430711,-0.048238,-0.311402,0.558414,-1.294142,-0.186120,1.239489,-0.654755,0.254201
0.226874,0.004652,0.460717,-0.199648,0.897904,0.090386,0.789299,-0.618705,1.199258,1.188757,0.641885,-0.434367,0.936232,-1.167278,0.000539,1.635119,0.341195,-0.418546,-0.781128,-0.835343
0.950230,0.697279,-0.472759,-1.270206,-0.234782,-0.607478,0.712459,1.523381,-0.612614,0.400058,0.032849,-1.655319,0.783377,-0.184506,-1.362952,1.708854,1.365026,-0.083716,-0.795932,-1.652660
1.313835,-1.614904,0.310153,0.431304,-1.197389,-0.280474,0.156905,1.087172,0.019604,-0.113690,-1.051890,-0.779637,0.710698,-0.025837,1.178935,-0.273301,-0.597434,1.516123,0.071304,-0.900326
1.247516,-0.360122,-1.298094,-0.659146,0.659858,0.385257,0.218332,0.911620,-0.696311,-1.463159,0.585676,0.520196,-0.396389,0.351730,0.632672,0.219939,-1.153937,-1.420116,1.286482,1.526066
0.430324,-1.186308,-0.039614,0.282632,-0.116555,0.981345,0.541894,-1.405361,1.094587,0.548232,0.792326,0.848372,0.333661,-1.550079,0.632715,0.816504,1.319527,0.669385,1.374058,-1.606926
1.109913,-0.091788,0.307634,0.078240,-1.255133,-1.251496,-0.241447,-0.659292,1.354380,1.404936,0.186407,0.426845,-1.434265,0.074480,-0.120842,-0.217171,1.498125,-1.536365,0.056714,0.214455
1.081176,-0.078290,0.951877,-0.472369,-0.647173,-0.305858,-1.470810,-0.483267,-0.342880,-0.646157,1.181469,0.149732,1.000365,1.356114,-0.424879,1.157717,-0.876560,-0.540569,0.001763,-1.648958
0.720903,1.227634,0.665518,-0.816681,-0.033767,-1.185349,-1.385080,-0.125902,0.505516,-0.348768,0.487015,0.338921,0.779191,1.662121,-1.336612,0.257998,-0.229989,-1.118248,0.433193,-0.444425
1.262867,-0.463898,-0.541444,-0.296327,-0.981894,-0.550866,1.299511,0.733572,-0.242410,0.979112,-0.393841,-1.528579,0.403851,-0.323853,-0.741843,1.307235,0.807074,-0.139491,0.406727,-0.316028
1.139845,-1.680581,0.460051,1.315311,-1.356109,-0.458292,-0.626615,0.374133,1.299724,-1.175845,0.684652,1.598326,-1.002823,-0.964016,-0.451553,0.186517,0.670146,-0.380138,0.018697,1.186001
0.984297,-0.459720,-0.313367,0.079926,-0.409225,-0.040161,0.359416,0.209036,0.447505,-0.379454,-1.033583,0.251526,0.683062,0.208778,0.479469,-0.887775,-1.401198,1.481345,1.256637,-1.679429
0.729866,1.014967,0.546413,-0.444208,0.771700,0.020297,-0.949655,-1.685632,-1.084550,-0.200332,0.373336,-0.572647,0.381551,0.687997,1.054921,1.110256,-0.090771,0.467565,-1.393769,0.917187
0.690555,1.106482,0.569199,-0.589219,0.781040,0.027238,-1.105202,-1.522145,-0.833591,-0.607949,0.250151,0.106764,0.454669,0.036210,1.240855,1.669938,-0.597356,0.248095,-0.967763,0.539013
0.977348,0.035464,0.762672,0.384942,-0.494361,-0.476118,-1.050690,-1.681382,-0.163322,-0.341288,0.900908,0.854806,0.687490,0.302309,-0.444038,0.783861,-0.949850,1.027806,-0.133790,-0.822654
0.574251,-1.022212,0.271216,0.673801,0.957908,-0.195707,1.408273,-0.205233,0.317275,0.318024,-0.321957,-0.053269,-0.072917,-0.368218,-0.764144,0.763674,-1.470632,-0.906297,-0.644989,0.581036
1.217185,-0.269935,-0.869025,-0.519598,-0.412487,-0.602351,1.379248,1.684385,-1.164355,-0.721311,0.086110,-0.473536,0.692728,-0.270562,-0.715456,1.110684,0.480475,0.067759,-0.416943,-1.415359
0.595833,0.257410,0.584226,-0.821925,-1.215570,-0.453587,0.566796,0.828435,0.736896,1.074041,-1.329030,-0.037780,0.492239,-0.711767,0.883362,0.205254,-1.384813,1.293571,0.433953,0.928627
0.627646,0.807227,0.383735,0.767180,1.134274,-0.147856,0.961044,0.035951,-0.546371,-1.209820,-0.712240,-0.448302,-0.534501,-1.539784,-1.158931,-0.124959,-0.281590,-1.023090,1.037555,0.787713
0.615688,1.101753,0.513418,-0.168232,1.217851,0.399946,-0.260937,-1.461136,-0.977844,-0.371778,-0.502979,-1.313556,-0.803330,-0.238898,0.772849,0.243612,1.154233,0.334695,0.237571,1.547428
1.442733,-1.268340,-0.314339,-0.494718,0.332017,-0.053983,0.224521,-0.954318,-1.101841,1.389489,0.513400,0.120628,-1.397972,0.482571,0.204499,0.760679,-0.222667,-1.416140,-0.390192,0.161571
1.179436,-0.285341,-0.023773,-0.157196,-1.422615,-0.969033,0.587663,-0.065208,1.214435,1.685126,-0.981019,-0.179513,-0.685615,-1.102634,0.977108,-0.057161,0.029817,-0.133482,-0.564717,0.970596
1.427282,-1.179772,-0.991427,-0.540222,0.576934,1.687141,-1.421948,-0.447961,1.006796,-1.226872,-0.586551,0.971039,1.445108,0.252114,-0.991093,-0.517366,0.561452,0.301200,-1.431956,-0.476789
1.267368,-0.465024,-0.962226,-0.344224,-0.299732,-0.498909,1.205853,1.510431,-0.939266,-0.575192,0.346720,-1.077492,-0.223168,0.987808,0.137497,0.127127,0.623224,0.029827,-1.414926,-1.167937
0.514287,0.296494,0.282554,0.853202,0.002872,1.623302,0.037416,1.159635,0.513857,0.243472,1.090638,0.450753,1.368743,1.301932,1.153430,1.126708,0.733294,0.105360,0.507111,-0.078145
0.371395,1.130465,1.395792,0.750402,-0.111482,0.107108,-0.289656,-0.465316,-1.058179,-0.707662,-0.477740,-0.539638,1.241325,-0.131173,0.434844,0.216844,0.376442,0.335184,-0.873036,0.160320
0.134783,1.622733,-0.106650,0.409308,0.586258,0.918565,-0.153211,1.595688,0.864217,0.412360,-0.033382,0.813931,0.933615,1.572294,0.289398,0.397799,0.835602,0.683052,0.711796,1.508088
0.115259,1.254373,1.232855,1.269215,0.521496,0.994832,1.130042,0.523605,0.332434,-0.130189,-0.615669,-0.768793,-0.298422,-1.285210,-1.426749,-1.544434,-0.657174,-1.521203,-0.118010,-1.147444
0.876959,-1.577442,0.782214,1.305046,0.097610,-0.328117,-0.371374,-0.592156,-0.516280,0.765014,-0.447487,-0.358730,-0.129375,0.170666,0.597806,-0.616114,0.998951,1.338099,0.286438,-1.555121
1.430553,-1.382078,-0.290877,-0.347154,-0.029855,0.070220,0.314050,-0.401725,-1.431904,1.701197,0.452858,-0.419614,-0.855084,0.141008,-0.087564,-0.373543,0.921312,-1.349835,-0.504040,0.968288
1.286477,-1.640586,0.407394,0.482424,-1.257168,-0.354403,-0.055147,1.250701,0.297008,-0.385687,-0.964506,-0.529409,0.291575,-0.314758,1.458694,0.099014,-0.323100,1.187971,-0.581909,-0.757561
0.836767,-1.100698,0.483384,1.116688,0.269866,-1.118275,-0.449367,1.014996,-1.222970,-0.886316,0.152275,0.678019,1.487262,-0.466208,0.209768,0.251706,-0.877660,-0.017907,-0.457370,-0.176409
1.091057,-0.321939,-0.955158,-0.380868,0.480249,0.839859,0.122264,-0.848126,-0.620228,0.553828,0.833723,-0.118060,-0.751924,-0.216423,0.347685,0.385856,0.105991,-0.394807,-0.492872,0.316026
0.995631,0.148115,-0.935982,-0.270804,0.897216,0.321294,-0.859532,-0.938850,0.787009,0.350806,-0.709718,1.337972,0.657002,-1.300510,-0.568111,-0.598846,0.510426,1.331932,-0.406127,-0.284107
1.126582,0.210606,-1.218837,-1.530052,1.097742,1.269674,-0.782390,0.389787,0.298175,-1.460983,0.281236,0.833304,-0.842436,0.357518,1.268222,-0.568979,-1.481120,-0.119779,1.436697,0.280524
0.546699,0.674852,0.573716,0.419789,0.543798,0.300682,0.503657,0.314258,0.452472,0.450378,0.371026,0.704710,0.307520,1.000272,0.216255,1.281209,0.188615,1.475732,0.202023,1.551773
0.647508,0.672381,0.862809,0.380306,1.049706,0.139292,1.134237,0.021001,1.086697,-0.004644,0.976324,0.063191,0.763224,0.147129,0.502535,0.299415,0.194320,0.331726,-0.133624,0.278936
0.807819,1.108386,0.449894,-1.031138,-0.577044,-1.344778,-0.851308,0.369922,1.340332,0.603066,-0.131611,0.328491,-0.454878,0.687532,-0.680368,-0.560635,1.469050,-1.575935,-0.383386,0.227483
0.734371,-0.333622,-0.453172,-0.672906,0.569176,0.962757,-0.919597,0.204911,1.031222,-0.817610,-0.635738,0.798224,-0.051038,0.707632,0.602761,-0.770795,-0.651279,0.482899,0.403279,1.127303
1.096963,-0.128207,0.385179,0.095222,-1.259931,-1.039429,-0.466729,-0.956842,1.335650,1.284351,0.566562,0.866119,-1.364141,-0.247399,-0.643083,-0.026355,1.345381,-1.090044,0.680839,-0.712105
1.227526,-0.781476,-1.222335,0.203081,0.479469,0.483948,0.523440,-0.859845,-1.217005,0.852340,1.182223,-0.405794,-0.691893,-0.283684,0.216717,0.891105,-0.063887,-1.125349,0.049173,0.910053
0.657062,-1.151715,0.420023,0.934363,0.857809,-0.479711,1.195540,-0.044248,0.005188,0.496883,-1.025696,-0.688368,-0.698342,0.628816,-0.559708,-0.372862,-0.911433,0.029640,0.016346,0.231102
1.118016,-1.651669,0.994337,0.586228,-0.672144,-0.532716,-1.434251,1.587115,-0.225635,-0.919719,0.955223,0.193176,0.437678,-1.184887,-0.470198,1.218227,-0.052533,-0.038267,0.803568,0.579217
0.381555,1.419346,0.348482,0.060392,1.457867,1.062385,0.509290,0.094205,1.020997,-0.541113,0.224886,0.210949,-0.435451,-1.359094,-0.265598,-0.733233,-1.443983,-0.685809,-0.531945,-1.615743
1.103719,-0.557163,-0.911333,-0.085259,0.201312,0.774641,0.643112,-1.281436,-1.141350,1.531001,1.036666,-1.381210,-0.416025,0.861835,-0.462252,-0.097698,1.102130,-0.703877,-1.160217,1.375306
0.335428,-0.909781,1.434707,1.046120,-0.343058,-0.624798,-1.129102,0.942451,-0.060613,-0.208413,0.285306,0.721448,0.865245,0.262429,0.384275,0.421693,-1.405334,0.758639,-0.473228,0.120813
1.048905,-0.491411,-0.655139,-0.062402,-0.086489,0.458332,0.584980,-0.636606,-0.490447,0.631203,-0.020617,-0.490683,0.460411,0.315111,-0.445499,-0.231522,-0.102306,0.188038,0.712988,-0.208024
0.966598,0.598374,-0.009627,-1.201639,-0.514648,-0.312024,-0.182542,-0.637784,0.746649,1.620572,0.109776,0.078833,-1.225647,-0.041804,0.847262,-1.188818,0.789340,-0.320111,-1.450004,1.062456
0.221250,-0.074071,0.008455,-0.928175,0.946353,1.200758,0.161160,-0.553375,1.273729,-0.517057,0.566512,1.212832,1.120206,-0.918437,1.082111,-0.052180,0.692578,0.995478,1.363661,-1.141322
1.131760,-1.676649,0.606354,1.262710,-1.206817,-0.409332,-0.982533,0.511234,0.995869,-1.371776,1.200610,1.657838,-0.625948,-0.873787,-1.101047,0.306010,0.296518,-0.871064,0.778976,1.633947
1.113685,-1.494706,0.182308,1.662630,-1.314758,-1.361950,0.074692,0.768856,1.402635,-0.272373,-0.371600,0.131045,-1.401087,-0.452070,0.652496,0.935049,1.291348,-1.241574,-0.874281,1.102021
1.360671,-1.046044,-1.227768,-0.095012,0.448923,1.019617,-0.838091,-0.775084,1.293068,-0.325888,-0.550920,0.998073,0.132434,-0.516812,-0.788318,-0.500164,0.629301,0.886365,0.269361,-0.253981
0.852661,-0.056520,-0.618792,0.170856,0.511127,1.633053,-0.571569,-0.151045,0.778330,-0.730760,-1.057550,0.434243,1.319965,-1.094674,-1.468456,-1.146088,1.448585,0.855823,-1.261790,-0.018912
1.072290,-1.349189,1.396210,0.279303,0.343847,-1.479907,-0.794089,0.092109,-0.694154,-0.727351,0.318544,0.360677,0.607309,0.429009,-0.347491,0.487550,-1.407554,1.076850,-1.189469,-0.074132
0.212762,1.543920,0.996379,1.299052,0.623649,0.286226,1.336178,-0.641984,-0.010366,-0.911510,0.391632,-0.515482,-1.052706,-0.228932,-0.622207,-0.545057,-1.156061,-1.193991,-0.612233,-1.402179
1.176623,-1.672049,0.409993,1.251447,-1.443649,-0.382017,-0.448097,0.385358,1.297581,-1.186090,0.333926,1.436076,-0.872106,-0.625643,0.039192,-0.099406,0.388956,-0.313785,-0.601185,1.036396
1.094169,0.070713,-1.246061,-1.047272,1.373207,0.985025,-1.473946,-0.022447,1.481860,-0.965929,-1.443100,1.001455,1.327453,-0.091810,-1.179248,-0.878193,0.966063,0.987440,-0.790606,-0.162639
0.834690,-0.336228,0.247755,0.524634,-0.691047,-1.243682,-0.357560,1.505308,1.391832,-0.854135,-0.940607,0.003198,-0.240680,0.081671,0.317180,0.552345,0.848472,-0.897672,-1.373770,0.305098
0.602705,-0.781324,0.791541,1.278594,-1.419899,-0.281925,0.416707,1.269426,1.105803,0.228996,-1.356903,0.943248,0.100498,0.603934,1.081543,0.367186,-0.859888,0.795924,-0.240205,-0.370073
0.962741,-1.263927,0.338899,1.506955,-0.591289,-1.632142,-0.423727,1.675965,0.163589,-1.604217,0.577517,1.422019,0.205880,-1.189977,-0.807166,0.898214,-0.474210,-0.594113,1.066141,0.341614
0.629199,0.187081,0.437636,-0.864147,-1.110957,-0.320698,0.727098,0.971446,0.318741,0.852166,-1.086980,-0.399123,0.819623,-0.606675,0.192127,0.651095,-1.040206,1.312141,0.892868,0.287208
0.771803,-1.143591,1.135002,-0.434848,1.254051,-0.219515,1.059975,-1.453700,0.577614,0.782892,-0.103777,-0.372599,-0.774120,0.443062,-1.276791,1.383151,-1.493084,-0.359341,-1.341066,1.202148
0.115767,0.106857,0.106583,-0.618268,0.530350,0.416418,0.235024,-0.241366,0.912825,0.267812,0.373442,0.176264,1.210310,-0.939414,0.419782,0.905840,1.404120,0.361256,0.488461,-1.573961
1.294709,-0.582291,-0.915956,-0.273102,-0.434723,-0.218279,1.002002,0.923867,-0.628400,0.083050,0.533904,-1.576817,-0.814019,1.054596,0.137925,0.799023,1.130057,-1.207790,-1.325363,0.052798
0.706145,0.408190,0.252067,-0.412158,-1.131072,0.435156,1.265747,1.602607,-0.465818,0.944810,-0.729951,-0.637084,1.458044,-0.662928,-1.183310,0.400478,0.060666,0.109457,1.081591,-1.330272
1.448428,-1.318846,-0.516728,-0.553219,0.374616,0.589310,-0.378356,-0.407022,-0.927036,1.471994,0.376427,-0.137353,-1.115347,-1.042982,1.190746,0.306291,-0.322226,-1.035928,0.908971,0.897931
0.586370,-0.718172,0.405349,0.187866,1.352993,0.492860,0.600189,-1.110838,-0.579789,1.496911,-0.318806,-1.598438,-1.157301,1.400708,-1.015107,-0.918745,0.425204,0.377165,0.292652,0.115522
1.342252,-0.056255,0.609937,-1.430779,-0.610489,-1.363011,0.869415,-0.159034,0.642297,0.386244,-1.016444,-0.386503,0.118201,-1.011278,0.463649,-0.170557,-1.285742,1.291176,-0.510071,1.477691
1.209912,-0.285344,-0.223491,-0.210225,-1.319131,-1.042897,1.006867,0.487071,0.740984,1.492407,-1.281393,-0.884468,0.102727,-0.686978,0.799845,0.009427,-0.560883,0.234920,0.087862,1.277660
0.544122,0.951069,1.146607,0.235263,-1.117455,-0.346509,-0.394228,-0.263309,0.336022,0.267693,0.772756,0.479776,-0.080734,0.005768,-1.407753,-0.827957,0.804555,-1.197694,0.724969,-0.575371
0.600602,-0.889956,0.687185,0.987121,-1.293421,-0.524962,0.433395,0.713550,1.021433,0.043879,-1.361593,0.291646,0.166526,0.644750,1.269908,-0.122288,-1.275336,1.191236,-0.122377,-0.381689
1.210844,-0.502571,-1.334226,-0.430361,1.034359,1.262412,-0.346239,-1.642015,-0.400194,1.328727,0.935606,-0.579863,-1.024147,-0.162000,0.858091,0.458670,-0.593884,-0.194319,0.455192,-0.371751
0.605119,1.047104,0.991827,0.163795,-1.201402,-0.665154,-0.138901,-0.697281,0.338951,-0.088924,0.897440,0.403271,-0.860691,0.292552,-0.722614,-0.123374,1.184246,-0.290322,0.051135,0.044228
0.704190,-1.465759,0.637580,0.759036,0.499008,0.656860,0.712793,-1.518214,0.769082,1.161051,0.073543,-0.214423,-1.038968,-0.294995,-1.491927,0.139444,-0.863770,-0.136084,0.102726,0.696608
1.070238,0.586029,1.487820,-0.234815,0.530702,-1.028458,-0.453913,-1.308926,-0.204748,-0.936677,0.954024,-0.204033,1.438638,0.366403,0.569096,0.403356,-0.473456,-0.202204,-0.339508,-1.022307
1.008523,0.012407,0.651077,0.395003,-0.700004,-0.924135,-0.892241,-1.487498,0.285743,0.424894,0.977556,0.598592,0.138180,0.395817,-0.875125,1.216940,-0.496437,-0.270502,0.646834,-1.510207
0.827124,-0.126248,-0.593236,0.299321,0.477616,1.608601,-0.517445,-0.402223,0.695642,-0.359511,-0.946834,0.393171,1.180081,-1.527442,-1.258413,-0.587117,1.176401,0.684433,-0.909704,-0.621960
1.484346,-0.487668,-0.412122,-1.128912,1.158462,0.335935,-0.009486,-0.222047,0.517833,-1.671062,0.505139,-0.380758,-0.220510,0.123378,0.935362,-1.478514,-0.790196,-0.937303,1.017418,0.522660
0.324621,1.415264,1.226154,1.059666,0.434607,0.018266,0.660278,-1.135152,-1.099990,-1.635358,-0.571832,-1.206991,-1.004270,-0.278449,0.166747,0.487701,0.841891,0.687397,0.735846,0.471108
1.368926,-0.802133,-0.657942,-0.854971,-0.396229,1.055575,0.148577,0.686357,-0.803269,-1.214965,1.478430,-0.451913,-0.366103,1.333834,-0.007804,0.179752,-0.079007,-1.437936,-1.129072,0.096348
0.560638,0.814058,0.275257,0.920578,1.119185,0.082813,1.277700,0.431928,0.064993,-0.851829,-0.086084,-0.101407,-0.096790,-1.541857,-1.276783,-0.328101,-1.170005,-1.650460,-0.205364,-0.060764
0.588221,1.367133,0.853510,-0.328672,0.284712,-1.310982,-1.113054,-0.507749,-0.455531,-0.260350,0.026123,-0.523949,1.383268,0.715021,-0.091604,1.686208,-0.304797,0.353319,-1.347585,-0.839067
1.410413,-1.478074,-0.716306,0.183675,-0.203616,1.201780,-0.157200,-0.930378,-0.711767,0.245016,1.393579,-0.503930,-0.520064,0.543760,0.688017,0.747056,-0.622611,-1.705561,-0.742671,0.791483
0.092537,0.909279,1.365547,0.636289,0.696658,0.251841,0.439894,-0.188939,0.496586,-0.557077,-0.939923,-0.800115,-1.176880,-0.819052,-0.370175,-0.670516,-0.707415,-0.287622,0.165460,0.166000
1.205894,-0.902408,-0.986299,0.544601,-0.012433,-0.008968,1.111029,-0.402523,-1.478929,0.666649,0.836115,-0.605839,0.270224,0.224365,-1.022561,0.354056,0.953984,-0.971686,-0.455481,1.411004
1.028738,0.265456,-1.050358,-0.804396,1.048020,0.320861,-1.052558,0.139421,1.031969,-0.237086,-1.009117,0.410795,0.956484,-0.428577,-0.914122,-0.328061,0.840905,1.080524,-0.782139,-0.395648
0.644426,-0.297119,0.862981,1.229726,-0.698265,-1.600413,-0.678291,0.518726,0.154661,-0.512140,1.229754,1.553926,-0.602133,-1.169267,-0.605653,0.202852,-0.324123,-0.902958,1.446546,1.560583
0.178660,0.012886,0.180794,-0.700680,0.911955,0.637425,0.345329,-0.228785,1.379356,-0.001022,0.478065,0.103702,1.476324,-0.324343,0.507916,0.617987,1.183572,-0.522475,0.425189,-0.213494
1.364981,-1.562863,-0.306599,0.288310,-0.720178,0.631491,0.415701,-0.117435,-1.149916,0.359989,0.660649,-1.559351,0.831453,1.209757,-0.567629,0.185053,0.843013,-0.184281,-0.910636,-0.165882
0.267581,-0.050164,0.221981,-0.685357,1.109629,0.758719,0.452567,-0.359671,1.499385,-0.049228,0.497677,0.200297,1.258306,-0.262643,0.339003,0.366808,0.472006,-0.454384,0.073836,0.230929
1.372145,-1.262907,-1.153952,0.362997,0.334528,1.022063,-0.663452,-1.598547,0.965460,0.731495,-0.040974,0.833201,-0.394623,-1.697221,-0.166918,1.028538,-0.203606,0.511386,1.121465,-1.555690
0.895829,-0.173962,-0.307699,0.648968,-0.511882,-0.728660,1.048312,-0.680335,-0.998355,1.464774,0.421767,-0.654714,0.319266,0.326718,-0.752516,-1.040407,0.612633,0.629141,0.087825,0.912821
1.075567,-1.040909,-0.185307,1.041531,-0.818628,-0.987688,0.640397,0.934934,0.346173,-0.827990,-0.717743,0.682169,0.069983,-0.525863,0.556876,0.375496,-0.298253,-0.221672,-0.359308,0.064172
0.961861,-0.007733,-0.751691,0.193926,0.418896,0.008216,0.026344,-1.308464,-0.473710,1.355246,0.854357,0.318797,-1.132930,-1.107012,1.254245,0.433053,-1.209137,-0.434673,1.004655,0.804240
-0.001355,-0.635389,1.114180,0.298629,0.538601,0.977048,0.942376,-0.566700,1.361967,1.321063,0.218846,0.411457,0.366344,0.099964,0.186821,1.648770,-1.053553,-0.175283,-0.605119,0.998640
0.398639,1.486799,1.156924,0.738827,0.483929,-0.686506,0.230309,-1.453041,-1.279354,-1.037359,-0.425383,-0.189677,-0.694240,0.109706,1.165498,-0.096343,0.499022,0.076504,0.969398,0.921302
0.957704,0.016372,-0.789673,0.225274,0.556047,0.401776,-0.289594,-1.570110,0.003868,0.415294,0.293456,1.198717,-0.588253,-0.679704,0.867225,0.269667,-1.102309,-0.580724,1.273558,-0.600709
0.791778,0.695795,0.481097,-0.031780,0.433654,-0.712441,-0.611244,-1.034903,-1.294000,-0.642388,0.542156,-0.007558,1.202302,0.825990,-0.027459,0.934579,-0.365494,0.735273,-0.733710,-0.179389
0.675628,0.731595,0.661157,-0.136435,-1.498217,-0.181361,0.800709,0.608410,0.510588,0.793013,-0.918506,-0.354932,0.152737,-1.559972,0.507050,-1.220510,-0.007568,0.365201,-1.001194,1.392256
0.877735,0.184991,1.116952,0.016482,0.670263,0.271014,-0.236702,0.096178,-0.974661,-0.807222,-1.110625,-1.581710,-0.505989,-1.286065,0.409743,-0.060176,1.061451,0.948757,1.056389,0.954177
0.760409,0.682156,1.212621,0.247996,1.391102,-0.202967,1.244820,-0.647547,0.784822,-1.002022,0.126394,-1.211034,-0.526228,-1.266672,-1.029424,-1.156701,-1.221358,-0.835991,-1.107895,-0.460766
0.443274,-0.480829,1.322485,1.577654,-0.309904,-0.245953,-0.383864,0.478038,-1.171840,-0.834726,0.403499,-0.661210,1.049362,-0.206438,0.188338,-0.351571,-0.135649,1.221855,-1.435254,-0.122696
0.738866,-0.706467,0.080064,0.782823,-0.728406,0.468532,0.890818,-0.027013,-0.571932,1.499496,-0.024568,-0.331011,0.487431,1.517970,-0.624120,0.279473,0.469894,0.532037,-0.160456,1.184331
1.407416,-0.911234,0.282945,0.611532,-0.122289,-0.221469,1.495914,-0.257581,-0.139903,0.619941,0.329225,-0.957695,1.372768,0.971266,-0.428344,-0.927757,0.768293,0.570575,1.097322,-0.216855
0.800852,0.349979,0.617218,0.994097,0.372610,-0.830296,0.240993,-0.706783,-0.550498,-0.602533,-1.298200,-1.508024,-0.465661,0.292554,1.125102,0.098789,1.247593,0.490951,0.048297,1.639611
0.897438,0.297727,-0.658549,-0.172513,0.395201,0.865853,-0.087703,-0.392744,-0.195320,-1.614831,0.422834,0.426178,-0.603104,1.295601,0.710571,-0.289838,-0.791207,-0.060175,0.762066,0.392299
1.178979,-1.114498,-0.605604,1.065363,-0.711210,-0.874890,1.428951,0.584402,-0.692972,-0.248255,-0.808205,-0.050193,1.522078,0.277471,-0.673251,-0.412511,-0.795414,0.447747,1.342988,-0.358133
1.369207,-1.170602,-1.264418,0.315142,0.461817,0.842256,-0.715418,-1.311747,1.280777,0.648407,-0.693198,0.608018,0.062458,-1.389914,-0.563722,0.981145,0.756170,0.298253,0.091977,-1.339755
1.191824,-1.676087,0.720346,0.691043,-1.161792,-0.408304,-0.942204,1.501916,0.631152,-1.292562,0.399951,0.243986,-0.533913,-0.837340,0.347800,1.589964,1.074584,-0.611481,-0.422853,0.226302
0.272198,1.512672,1.087771,1.154474,0.623351,0.047430,1.099327,-0.960269,-0.496971,-1.188259,-0.162209,-0.704620,-1.419073,-0.305347,-0.518035,-0.405692,-0.569309,-0.830502,0.447314,-0.731831
1.395149,-1.334202,0.058571,-0.156252,-0.284923,-0.649253,0.914623,-0.598573,-1.120582,1.116419,-0.244623,-0.315964,0.083397,1.585014,-1.434358,-0.321583,0.483896,0.083663,-0.127613,-0.286572
0.868564,-0.307616,0.127444,0.601475,-0.823256,-1.320258,0.279804,1.054567,0.939275,0.026859,-1.273266,-0.552130,0.413861,0.051360,0.490492,0.313612,-0.240781,0.405551,-0.892826,-1.391997
0.010722,-0.599382,1.163571,0.386763,0.566909,0.961491,0.966037,-0.454916,1.242200,1.482976,-0.032759,0.283316,0.170304,0.343212,-0.217383,1.550663,-1.346387,-0.287754,-0.649471,1.222182
0.796064,-0.290546,-0.519723,-0.025509,0.553434,1.588299,-0.860648,0.100287,1.244443,0.298089,-1.482419,1.600782,1.377082,-0.183744,-1.039031,-0.047173,0.645500,0.990769,-0.454221,-0.930983
1.349393,-0.414995,0.291450,-1.596790,-0.881809,-0.665484,0.534884,1.236380,-0.468721,1.455334,-1.328563,-0.153379,0.617074,-1.289226,0.059774,-0.554898,-0.541680,0.526161,1.353744,0.355062
1.350697,-1.591221,-0.233280,0.452895,-0.911165,0.546659,0.509763,-0.111853,-0.906736,0.108039,0.376560,-1.311897,1.231510,1.568879,-0.806313,-0.297868,0.343433,-0.113110,-0.286477,-0.457370
0.972061,-0.418508,-0.218310,0.124113,-0.471844,-0.250353,0.166974,0.565321,0.804202,-0.728404,-1.228258,0.488965,0.465820,0.210719,0.825555,-1.027792,-1.394773,1.551592,0.716386,-1.545297
1.451238,-1.107047,-0.263087,-0.406989,0.590632,-0.208705,0.490626,-1.568470,-0.665386,0.492304,0.849213,-0.633883,-1.215204,0.012520,0.289069,1.237783,-0.695421,-0.341112,-0.790685,1.460447
0.832552,0.616696,0.488696,0.303236,0.419481,-1.002376,-0.335617,-0.541003,-1.348891,-1.369560,-0.131442,0.427886,1.354852,-0.130034,0.500146,1.655736,-0.424730,0.176981,-0.468996,0.980923
1.497206,-0.514353,-0.432504,-1.089254,1.231823,0.409530,-0.131983,-0.313044,0.707453,-1.638175,0.296780,-0.229794,0.069709,-0.016535,0.705992,-1.592273,-0.570035,-0.696859,0.935840,0.441047
1.200805,-1.568754,0.957397,0.319008,-0.742559,-1.274705,-0.831165,1.312000,0.395512,-0.294374,-0.008452,1.511368,-1.263498,-1.011228,-0.481143,0.411000,1.125300,-1.620570,0.704618,0.661441
0.037584,1.679576,-0.070461,0.782366,0.133934,0.381937,-0.175318,1.402389,0.201258,1.524616,-0.248996,0.452844,0.303517,0.620715,-0.341669,1.629629,0.364094,1.161473,-0.393777,0.307424
0.296073,1.564363,0.310827,0.207056,1.257532,0.758476,0.508140,0.994077,1.454847,-0.465925,0.333787,0.085253,0.777535,0.130151,-0.102823,-1.268784,-0.377760,-0.543269,-0.492459,-0.493470
1.110405,0.283459,-0.993724,-1.619222,0.462112,0.963077,0.234208,0.432888,-0.866936,-0.326456,1.148831,-0.552625,-0.969528,0.035818,0.383263,1.430402,0.368578,-1.327498,-0.942585,-0.318295
-0.074669,-0.159985,0.626935,0.352127,-0.159865,1.597269,0.901475,-0.434985,0.408755,-0.139484,0.644404,0.312690,1.178901,-1.638983,0.392199,-0.328846,1.414222,0.385081,0.745954,-0.796909
0.735111,0.230539,0.724081,0.886311,0.511483,0.989608,0.530873,-0.447151,0.606088,-0.957994,0.298943,-0.215262,-0.525612,-0.615694,-1.326017,-1.638936,-1.369479,-1.050162,-0.511921,0.090045
1.422015,-0.905592,-0.645273,-1.316206,0.285250,1.054528,-0.623876,1.233777,-0.690611,-0.887116,0.555419,-0.705342,-0.576436,0.492316,1.512114,-0.079200,-0.596771,-0.090590,0.738481,0.922084
0.496956,-0.244273,0.949946,0.572295,0.690095,-1.084071,-0.486077,0.361452,-0.817704,0.912371,-0.902329,-1.078519,0.451474,0.400817,0.680727,-0.446059,1.099867,1.349576,-0.422648,-1.431910
0.867370,-0.536715,0.257888,0.300688,-0.301572,-0.372293,-0.978004,0.730829,1.101458,-1.206491,0.490299,1.562531,-1.224600,-1.663062,0.125227,1.433428,0.468914,-0.997881,0.562232,0.518603
1.284875,-0.584023,-1.495819,-0.336268,1.121540,0.688008,-0.581376,0.018070,0.539286,-1.132367,-1.004265,1.559924,1.427722,-0.932800,-1.306794,-0.023685,0.754439,0.264894,-0.407486,0.483495
1.039562,-1.622559,0.696502,1.471659,-0.733035,-0.696316,-1.033119,0.118385,0.240250,-0.395301,1.161477,1.041183,0.271099,-1.182051,-1.048273,0.518088,-0.773819,0.338029,0.716551,-0.533479
1.372722,-0.752643,-0.544206,-0.996160,-0.584029,0.900305,0.287220,0.934113,-0.991504,-1.029644,1.248076,-0.896773,0.162654,1.151432,-0.409451,0.816176,0.443615,-1.258706,-1.405200,-0.761037
1.269138,-0.503012,-1.213161,-0.377680,0.310070,-0.063583,0.557345,1.340188,-0.634414,-1.471096,0.392771,0.096883,-0.643526,0.888857,1.198814,-0.334597,-1.180615,-0.458346,0.250272,-0.094246
1.015929,-1.247243,0.227007,1.472568,-0.800605,-1.632376,-0.159213,1.690081,0.537798,-1.676581,0.235073,1.563071,-0.373586,-1.373734,-0.444166,1.144976,0.346847,-0.898619,0.688025,0.641555
0.550298,-0.529447,0.494784,-0.081522,1.390123,0.656929,0.004767,-1.058301,-0.452111,1.201882,-0.652125,-1.017173,-1.373711,0.578378,0.185665,0.014996,0.368262,-0.582122,0.788231,1.015128
0.058081,0.164770,0.056231,-0.533176,0.249446,0.321047,0.143876,-0.417983,0.419738,0.341224,0.242552,0.642541,0.596921,-1.350533,0.316366,0.261887,0.767229,1.441210,0.382784,-1.344095
0.625456,-0.831679,0.445907,0.450271,1.166153,0.063297,0.407180,-0.596387,-1.056240,1.023253,-0.635246,-1.270753,-0.654897,1.302724,-0.519047,-1.083139,1.098355,0.693390,1.038802,-0.251972
0.479634,1.370362,1.179396,0.505624,-0.064333,-0.983826,-0.387189,-1.717713,-1.351571,-0.987385,0.557125,0.447197,0.449222,1.250187,1.174020,0.923124,-0.807222,0.131469,-0.657383,-0.294689
0.781205,0.518741,-0.003207,-0.288600,-0.926864,0.431814,1.430102,0.995852,-1.236089,-0.442240,0.402551,-1.696627,0.628325,-0.560464,-1.297934,1.031188,1.315952,0.633789,-0.678404,-0.303073
0.755023,0.560069,0.256546,-0.297923,-1.240090,0.312264,1.397860,1.201078,-0.598789,0.401084,-0.597086,-1.304935,1.339656,-1.420722,-1.111769,0.039512,0.188566,0.695590,0.666090,-0.110920
0.633200,-1.074997,0.371073,0.826962,0.960441,-0.420232,1.183748,-0.040138,-0.105341,0.320268,-0.899120,-0.342811,-0.527392,0.128181,-0.818176,0.227581,-1.035117,-0.493324,0.267353,0.584567
0.646741,-1.037350,0.862374,-0.749678,0.995556,0.120175,0.994752,-1.500256,0.901914,0.304328,0.721851,0.549294,0.521069,-0.387389,0.272752,1.595216,0.011092,0.362835,-0.223660,-0.176287
0.838488,0.498051,1.303571,-0.065384,1.262993,-0.539791,0.713693,-0.818662,-0.139173,-0.852777,-0.981766,-0.681285,-1.410863,-0.399155,-1.315180,-0.106335,-0.722547,0.141610,0.030229,0.283562
0.366053,0.720549,-0.241128,1.499472,0.233299,0.298294,0.954136,1.627735,0.424042,0.305200,0.233468,1.222089,1.129088,0.720988,1.128305,0.542818,0.457274,1.172994,0.911177,-0.029531
1.457588,-0.784761,-0.501415,-1.512923,0.832174,0.245984,-0.514308,0.259170,-0.220703,-0.583761,-0.266798,0.969690,-0.996697,1.425159,0.350306,-0.638504,-1.132122,-0.729025,1.064001,0.329880
1.448205,-0.969334,-0.137004,-0.063170,0.499610,-0.116612,0.953901,-1.429477,-0.548553,0.336579,1.282757,-1.452889,-0.460382,-0.469025,0.329256,-0.216674,0.500866,-1.419768,-0.889243,0.576157
0.150664,-0.118128,0.866367,0.672608,0.531758,0.538102,1.461796,-1.640732,0.393546,0.309613,1.075301,-0.104138,-0.257533,0.204298,0.042503,1.412424,-0.860945,-1.152713,-0.905520,-0.258879
1.358846,-1.042230,-1.351990,0.372063,0.633071,0.348657,-0.432481,-0.582300,1.059289,0.212966,-1.115838,0.192009,0.366987,-0.244138,0.013024,-0.149839,0.483404,0.602475,-0.645765,-0.514954
0.703133,-0.355466,0.694590,1.505599,-1.314572,-1.035331,0.366789,0.183284,0.499597,-1.272666,0.155174,0.930818,-1.334205,0.104180,1.047140,0.839423,0.350844,-0.718935,-0.796535,-0.499881
1.325324,-0.696212,-0.962367,-0.264913,-0.256443,0.108331,0.631318,0.530871,-0.384554,0.013865,0.806777,-1.177763,-1.344796,0.873727,0.608103,0.915496,0.558166,-1.668343,-0.630579,0.246007
0.432569,-0.866636,-0.095720,0.232088,0.587861,0.284423,1.260851,-0.247466,0.624979,-0.363013,0.674017,1.164608,1.467571,-1.503741,0.971435,1.098881,0.311207,-0.109298,0.892906,-0.879244
1.098231,-1.611227,0.407031,1.612834,-1.245682,-1.028927,-0.521017,0.420618,1.294390,-0.356740,0.630313,0.912334,-1.320335,-1.555888,-0.729344,1.627130,1.302745,-1.071014,0.807033,0.411703
1.132796,0.149874,1.229551,-1.011490,-0.225169,-1.611396,-0.929194,-1.098061,0.014040,0.203664,0.621176,1.380758,-0.442782,1.608646,-1.485431,0.746281,-0.721388,-0.456261,0.646068,-1.179748
1.405739,-0.656427,-0.235280,-1.570303,-0.391551,0.223664,0.420575,1.683199,-1.480840,0.318302,0.301430,-1.187548,0.100466,-0.451364,-0.385058,0.526720,1.505090,0.004542,-0.364286,-0.255802
1.017898,-1.549178,1.263566,0.237637,0.119457,-0.759472,-1.223242,1.059477,-1.327846,0.368912,-0.197975,0.128546,0.822402,-0.282940,0.720225,-1.148057,-0.150298,0.509470,-0.470450,-0.387934
1.112248,0.236350,-0.924629,-1.532261,0.250026,0.804334,0.565475,0.296911,-1.126068,0.358301,1.128420,-1.312114,-0.536758,0.386250,-0.358470,1.160827,1.057604,-0.874547,-1.268473,-0.255082
1.148555,-1.707184,0.713489,0.965503,-1.165217,-0.302777,-1.125246,1.045983,0.717981,-1.704026,1.099293,0.924865,-0.295531,-0.303141,-0.604435,1.099126,0.360803,-1.692275,0.183610,0.880667
1.381349,-1.544394,-0.149585,0.136003,-0.732888,0.266344,0.502378,0.297358,-1.264361,0.865511,0.026819,-1.608279,0.937705,0.459728,-0.517362,-0.418294,1.073237,0.973308,0.081278,0.386952
0.701966,0.167144,0.126835,-0.727158,-0.804140,0.338861,0.910372,1.484591,-0.453066,0.626194,-0.176056,-0.363888,0.671021,0.585040,-0.690774,1.683017,0.349234,0.785650,0.101069,-0.315089
1.006784,0.443261,-0.211888,-1.128345,-0.629452,-0.370195,0.387728,-0.171094,0.362651,1.627504,-0.372139,-0.454554,-0.369934,-0.162233,0.757803,-1.452329,0.032336,1.055931,-1.065488,0.426647
1.443324,-0.160003,-0.085193,-1.100763,0.425989,0.052019,1.137171,0.657338,-0.500728,-0.754031,1.373789,-1.252804,-0.024117,0.155662,0.304715,0.264269,1.124805,-1.266014,-0.577461,-1.195972
1.246997,-1.614244,-0.059955,1.249885,-1.441731,-0.221357,0.555334,-0.321382,0.743479,-0.027708,-0.590459,0.413843,0.373430,0.053846,-0.005086,-1.120215,-1.099094,1.589051,0.776258,-1.061409
1.384359,-0.353181,0.241593,-1.681113,-0.537195,-0.881236,0.921768,0.764237,-0.711903,0.865477,-0.918958,-0.129212,0.497022,-0.033828,-1.096868,0.943008,-0.469633,0.617965,0.874005,-1.067323
1.136705,0.108351,-1.304709,-1.478657,1.242673,1.466392,-0.913335,-0.057470,0.436730,-1.145454,0.163952,0.873714,-0.712558,0.061322,1.117116,-0.275503,-1.286296,-0.443590,1.205485,0.755521
0.199516,0.038722,0.378509,-0.335510,0.890024,0.206616,0.709375,-0.528642,1.253485,1.006966,0.645993,-0.356576,1.175522,-1.123008,0.259985,1.641588,0.743945,-0.399119,-0.451343,-1.095219
0.890788,0.647680,0.351891,-0.477617,-0.095012,-0.749364,-0.832661,-1.082706,-0.308620,0.441441,1.422985,0.404189,0.139381,1.420476,-1.389551,-0.303339,0.072860,-0.097863,0.772993,-1.614865
1.426690,-0.335351,0.127600,-1.634531,-0.225344,-0.817807,1.099745,0.501035,-0.859259,0.049219,-0.227459,-0.735840,0.313325,0.246364,-1.490520,1.631165,0.078251,0.994432,-0.193196,-0.570008
0.916297,0.267559,-0.760765,-0.200344,0.562058,0.685984,-0.368125,-0.706762,0.179930,-1.246675,0.006612,1.159562,-0.172866,1.043700,0.318306,-0.929512,-0.435653,-0.197715,0.516154,0.122702
1.043870,-0.225546,-0.875652,-0.365368,0.468141,0.515510,0.059352,-0.389531,-0.435926,0.283719,0.572564,-0.439070,-0.419055,0.527667,0.070803,-0.306426,0.325311,-0.352378,-0.568268,1.109885
0.609687,0.734146,0.801122,0.490913,0.950567,0.265740,1.063665,0.123393,1.075688,0.069514,1.070325,0.054567,0.977933,0.108975,0.848381,0.203807,0.679258,0.315548,0.469202,0.408526
1.177171,0.110564,1.146007,-1.144402,-0.382318,-1.677583,-0.709646,-0.963844,0.448761,0.374102,0.509291,1.397433,-0.977714,1.286237,-1.339819,0.342787,0.034451,-0.545594,0.556179,-0.654701
0.832167,0.036063,-0.408363,-0.251344,0.159100,1.454010,-0.050235,1.045131,0.023335,-0.552347,-0.003413,0.280945,-0.160181,0.663509,0.468603,-1.216884,-0.884239,-1.181076,1.233683,0.304509
0.699743,-0.627764,0.373543,1.278061,-1.299582,0.276508,1.198923,0.727058,-0.101300,0.825716,-1.143193,-0.404077,1.481859,0.802773,-0.638282,-1.367652,-0.626022,0.370513,1.312396,-1.484853
0.524085,-1.234591,0.323664,-0.697617,0.031067,1.442207,-0.077925,-0.144082,0.189368,-0.243022,0.683024,0.179976,1.154850,-1.114313,1.313516,0.736525,1.116986,1.250728,0.760971,-1.285615
1.000050,0.006161,-0.894873,-0.191201,0.704356,0.061551,-0.403312,-0.673186,0.079238,1.257292,0.236901,-0.330600,-0.508570,-1.284134,0.650859,1.523369,-0.693267,-0.212399,0.609674,-0.792607
0.813450,-0.333629,-0.504003,0.277611,0.401357,1.569607,-0.534873,-0.178945,0.755720,0.791055,-0.854070,1.130685,0.700030,-0.798956,-0.221328,0.452250,-0.345831,-0.030914,0.837088,-1.485779
0.597533,0.721510,0.747394,0.449740,0.855453,0.277975,0.936986,0.180827,0.956163,0.147676,0.942651,0.216804,0.885159,0.355796,0.801949,0.494356,0.682267,0.651740,0.580100,0.761445
1.021923,0.393306,-0.020159,-0.746588,-0.695048,-0.896982,0.116186,-0.073633,0.484357,0.986913,0.001293,0.649546,-0.673280,-0.281538,0.116942,-1.088340,0.941339,-0.307574,-0.680341,0.575973
0.139800,0.033486,0.335594,-0.333317,0.726266,0.206689,0.668787,-0.593324,1.121183,0.927821,0.771543,-0.013101,1.233166,-1.393187,0.613232,1.384786,1.094925,0.241185,0.205395,-1.408639
0.994180,0.080117,0.480431,0.376137,-0.752024,-1.460349,-0.610114,-0.793994,0.462883,0.531837,0.633059,0.116950,-0.158884,1.424102,-0.584257,0.296048,-0.122559,-1.129426,0.448162,-0.293736
1.237354,-0.273881,-1.028119,-0.583394,-0.081027,-0.300014,1.124072,1.611920,-1.293560,-1.128139,0.610144,-0.194626,0.060092,-0.025017,-0.237265,1.228472,0.291366,-0.985967,-0.678617,-0.547391
0.673300,-1.271168,0.448016,1.016246,0.697879,-0.346746,1.179981,-0.552578,0.479908,1.239545,-0.836574,-1.452861,-1.066793,1.082628,-0.535067,-0.218620,-0.543921,-0.771907,-0.620451,1.469960
0.902572,0.448362,-0.510684,-0.405041,-0.041752,0.312900,0.628486,0.048418,-1.141457,-1.144672,1.447630,-0.050046,-1.464069,1.671159,1.192089,0.288595,-0.686947,-1.541289,0.066124,-0.388437
0.867663,0.975346,0.192731,-1.301619,-0.652599,-1.039763,-0.360844,0.824668,1.416504,0.518930,-1.040993,0.235036,-0.196878,0.112985,0.508236,-1.289792,0.512325,-0.519324,-1.144676,1.590161
0.318623,-0.287127,1.225934,1.203525,0.448604,-0.014419,0.664584,-0.917268,-1.095975,0.071482,-0.572726,-1.169534,-1.039610,1.405973,0.175088,-0.037833,0.829579,0.667945,0.763176,-0.237107
0.735825,0.314653,0.578898,1.198440,0.521789,-0.199703,0.707370,-0.770280,0.199063,-0.115050,-1.003333,-1.491645,-1.460921,-1.003025,-0.494251,-0.033915,0.667789,-0.811581,0.807825,0.529361
0.807902,-0.377929,-0.078876,1.166771,-0.779349,0.578527,1.357379,-0.555455,-1.320316,0.434583,0.662817,-1.688982,0.313224,0.270583,-1.164698,-0.370309,1.493757,0.269506,-1.148097,1.369217
0.524130,-0.289816,1.075319,1.082886,0.095355,-1.310015,-0.613561,0.014341,-1.112891,0.270957,0.380000,0.521451,0.625251,0.064003,1.032555,-1.261459,-0.821697,0.810606,-0.563916,-0.233354
1.432051,-0.456949,-0.037964,-1.680023,-0.067523,-0.530679,0.842044,0.738784,-1.210601,0.044536,0.180275,-0.414978,-0.353414,0.901238,-1.243832,1.504598,0.634718,-0.133409,-0.906028,-1.315910
0.814939,-0.247869,-0.114928,1.134585,-0.792527,0.039279,1.395171,-1.050156,-1.408512,0.204747,0.818931,-1.129615,0.060432,1.411069,-0.728871,0.157846,0.880238,0.179369,-0.524643,-0.018855
1.314857,0.265419,0.818064,-0.918163,-0.477627,-1.002350,0.750786,0.028545,1.322816,0.699134,-0.288804,0.002735,0.081126,-1.195577,1.432920,-1.316182,0.215871,-0.273846,-0.462377,0.427497
1.162260,0.062738,-1.128880,-1.336547,0.550732,0.932607,0.350355,0.216314,-1.165878,0.043830,1.503382,-1.368155,-1.135951,1.474325,0.321115,-0.112540,0.610028,-0.549513,-1.155933,-0.388919
0.660128,0.811807,0.960430,0.622744,1.208711,0.401291,1.379716,0.129304,1.415901,-0.137688,1.331851,-0.414705,1.158965,-0.661650,0.891510,-0.914122,0.536882,-1.086199,0.143695,-1.244332
0.912134,-0.968833,0.323312,0.946618,-0.206733,-0.904192,-0.710353,0.872666,-0.226011,-0.842846,1.281415,0.793440,0.145168,-0.726220,-1.488176,0.653222,0.128069,-0.589247,1.125061,0.526635
1.322533,-1.070757,0.806224,0.708782,-0.500809,-1.082293,0.826058,0.303840,1.234552,-0.870940,-0.419268,-0.240941,0.188385,-0.588366,1.397181,-0.788835,-0.042555,-0.275261,-0.387698,-1.236761
0.626330,-1.193230,0.756445,-0.822035,0.727730,0.455120,0.653385,-0.755292,0.546186,1.096538,0.485925,0.984292,0.526688,-0.787178,0.597349,0.448969,0.655759,-0.926448,0.638907,-1.075928
0.162520,-0.095360,-0.364666,-1.145522,0.571177,1.656949,-0.328838,-0.940477,0.267574,-0.473311,0.256703,1.434955,-0.256597,-1.276417,0.677351,0.262236,-0.224226,0.654260,0.402348,-0.714011
0.086144,-0.105252,0.798866,0.593336,0.400823,0.806700,1.416856,-1.552436,0.489368,-0.003258,1.344692,0.011027,0.332280,-0.238165,0.568048,1.647005,0.004970,-0.432402,-0.501701,-0.655960
1.478859,-0.919165,-0.492286,-0.729562,1.221902,0.226081,-0.401633,-1.609826,0.618702,-0.355270,-0.263186,0.210135,-0.097668,-1.098115,-0.097723,0.854410,-0.790072,0.617074,0.157392,-0.241235
0.910400,0.360732,-0.639749,-0.328376,0.276938,0.540715,0.136376,-0.254845,-0.559426,-1.363017,0.938718,0.499267,-1.218299,1.623206,1.345261,-0.420195,-1.332874,-1.104175,1.140776,0.311052
0.521353,-1.222006,0.121389,0.557286,0.257453,0.532125,1.105120,-1.283014,1.438888,1.157717,0.833549,-0.143944,0.446653,-0.982609,0.878217,1.461331,1.082584,-0.890039,0.301948,-0.347697
0.763527,1.046611,0.536541,-0.786831,0.432741,-0.151283,-1.332433,-1.452661,-0.386027,-0.305669,0.906696,0.671559,0.442507,0.370578,0.310363,1.552833,-1.329381,-0.409352,-0.330410,-0.390999
0.933927,0.731564,-0.327950,-1.057577,-0.463216,-0.800792,0.920746,1.141289,-0.751153,0.835366,0.036835,-1.186763,0.756323,-0.881032,-1.122022,1.205652,0.816321,0.958276,-0.069713,-1.237290
0.835895,-0.283011,-0.468561,0.498856,0.241946,1.522751,-0.148720,-0.442699,0.192634,0.646387,-0.188769,0.183916,0.133652,-1.460736,0.094153,0.187636,-0.505924,-0.817584,0.980017,-0.992126
0.980931,0.619668,-0.589716,-1.572700,-0.075741,-0.119452,0.503480,1.639878,-0.377542,-0.447746,-0.237893,-1.142404,0.974582,0.539329,-1.323220,0.517696,0.995617,-0.071215,-0.197807,-0.288113
1.072609,-0.278997,-1.075849,-0.524311,0.742579,1.032353,-0.202162,-1.007875,-0.378127,0.513998,0.876949,0.191866,-1.139531,-0.738294,1.096963,0.886634,-0.745780,-0.625374,0.180390,0.082895
0.448320,1.525738,0.804909,0.113562,1.147878,-0.483714,0.032869,0.103403,-0.048822,-0.785937,-1.382375,-1.705456,-0.414987,-0.535109,-0.787417,0.083996,0.977201,-0.504951,0.475670,0.353939
0.962034,-1.143620,0.282615,1.282020,-0.516688,-1.413085,-0.409623,1.529064,0.092231,-1.598507,0.766502,1.646254,0.102148,-1.659996,-1.191621,1.659734,-0.030296,-1.606351,1.446709,1.534818
0.812824,-0.357085,-0.337471,0.787341,-0.134044,1.243704,0.519960,-0.473605,-0.681518,1.012668,0.684047,-0.652844,-0.550855,-0.948283,0.386844,0.165927,-0.199852,-1.533764,0.040212,0.356128
0.484398,0.588483,1.163862,-0.297488,-1.125677,-0.632173,-0.674273,0.063835,1.219950,1.124210,0.119062,1.609129,-0.702347,1.046904,-0.224464,0.058999,0.376344,-0.308633,0.766873,0.355004
1.265873,-0.403124,0.286878,-1.023394,-1.361993,-0.083737,-0.028023,0.737912,0.488664,0.378325,-0.628263,-0.329573,0.525541,-0.440569,1.187674,-0.060174,-0.871405,0.227466,-0.917940,0.308884
0.683936,0.361404,0.525154,1.302237,0.592902,-0.058721,0.974389,-0.503570,0.620173,0.080809,-0.658300,-1.416956,-1.399349,-1.000222,-0.840032,-0.383809,-0.126859,-1.357317,-0.039887,0.020264
1.489194,-0.722513,-0.465216,-0.422015,1.344948,0.620798,-0.253568,-1.279545,0.999339,-0.253513,0.066379,0.144333,0.565705,-1.581743,0.433642,-0.024746,0.073194,-0.412876,0.796166,-1.609637
1.051320,0.345894,1.402321,-0.619615,0.514054,-1.391274,-0.679068,-1.579827,-0.859794,-1.010931,-0.007219,0.067603,0.624235,1.139498,0.092315,1.654038,-1.049528,1.402302,-1.473605,0.545690
1.163551,-0.820211,-0.872819,0.439089,-0.122987,0.135087,1.115841,-0.681687,-1.379509,1.073887,0.680981,-1.303607,0.549504,1.256830,-1.425441,-0.952821,1.278115,0.525039,-0.226245,-0.074673
-0.121425,1.144060,0.780359,1.266466,0.089034,1.362065,0.620489,1.407629,1.165919,1.428835,0.398018,1.375190,1.177716,1.316302,1.214483,1.184089,0.493786,1.010006,1.338271,0.819697
1.300081,0.204091,0.861480,-1.039908,-0.522747,-1.231782,0.580609,-0.312045,1.332569,0.390363,-0.226489,-0.130965,-0.280731,-1.348626,1.226059,-1.644332,0.331842,-0.696069,-0.827172,0.304460
0.257980,-0.091454,0.782803,0.389955,0.900802,-0.227153,1.052001,-1.224410,0.420083,1.540816,0.284701,-0.151300,-0.716167,-0.496537,-0.597029,0.055413,-1.310482,-0.627148,-0.487825,1.537732
0.619406,-1.109646,0.751183,-0.872165,0.770536,0.303734,0.730994,-1.077012,0.619627,0.671239,0.527271,1.163502,0.502268,-0.328602,0.506219,1.082690,0.531252,-0.161999,0.578927,-1.382726
1.152487,0.136307,-1.134220,-1.487839,0.678119,1.143219,0.092739,0.102988,-0.896848,-0.156302,1.423158,-0.932137,-1.422851,0.974907,0.886444,0.522369,0.003122,-1.481138,-0.829904,0.694286
0.306606,1.618084,0.825826,0.717202,0.956874,-0.400079,0.827218,-0.232002,0.210210,0.168735,-0.277539,-0.694732,-0.913475,-1.683812,-0.912035,-1.169092,-0.879914,-0.102873,-0.132246,-0.222087
1.198226,-0.900437,-0.870456,0.580267,-0.195354,-0.129194,1.246367,-0.314467,-1.395432,0.674356,0.467413,-0.766467,0.802186,0.666877,-1.429654,-0.276019,0.977425,-0.229321,0.104777,0.759259
1.394618,-0.965559,0.202295,0.424006,0.014991,-0.347266,1.455701,-0.648088,-0.303204,0.388656,0.514578,-1.381105,1.157848,0.480866,-0.570664,-1.286118,1.027029,-0.230703,0.569189,-0.506742
0.303719,-0.146746,0.913205,0.564597,0.882874,-0.423016,0.865914,-1.097501,-0.090108,1.504492,-0.273905,-0.366658,-1.233113,0.125213,-0.617880,-0.561095,-0.896708,-0.421234,0.525051,1.651903
0.217976,-0.033933,0.109690,-0.755658,0.977405,0.853813,0.325541,-0.317552,1.431375,-0.254805,0.519807,0.446128,1.383710,-0.360611,0.662613,0.190645,0.902549,-0.059566,0.663297,-0.122094
0.760220,-0.492951,-0.014978,1.097933,-0.791435,0.753292,1.239340,-0.051765,-1.062638,1.096458,0.307484,-1.229042,0.595596,0.192310,-1.262885,-1.018290,1.327066,-0.819088,-0.679540,0.367376
0.664803,0.760117,0.949402,0.478938,1.144814,0.214818,1.280659,-0.029284,1.270146,-0.216854,1.168626,-0.393427,0.936776,-0.476339,0.597383,-0.486755,0.213605,-0.488121,-0.197213,-0.457104
0.951876,0.480547,1.450110,-0.291304,0.992654,-1.056997,-0.028710,-1.522628,-0.880325,-1.459529,-0.876928,-0.913206,-0.186445,-0.047335,0.495087,0.878853,0.467878,1.527563,-0.307348,1.673248
0.960796,0.121490,-0.849758,-0.003550,0.733163,0.553149,-0.616948,-1.336013,0.512925,-0.185647,-0.428752,1.616877,0.334487,-0.451043,-0.290847,-0.511158,0.226613,0.219678,-0.181777,-0.831620
0.518285,-0.247050,0.837776,0.300442,0.913026,-0.811427,-0.494202,0.539501,-0.538580,0.621569,-1.299147,-1.501025,0.355610,1.204342,0.254790,-0.407676,1.467828,0.298984,-0.118587,-0.823236
0.940429,0.154927,-0.850811,-0.086186,0.780786,0.513181,-0.700519,-1.195640,0.618646,-0.266671,-0.568676,1.693915,0.508168,-0.389685,-0.488231,-0.937377,0.452294,0.429222,-0.467165,-0.392992
0.363577,-0.197137,1.060413,0.838593,0.679014,-0.664917,0.432493,-0.923802,-0.908801,1.076438,-0.616610,-0.306023,-1.137622,0.936615,0.470396,-1.427078,0.278557,0.063281,1.489592,0.690721
0.031472,-0.614492,1.157984,0.409043,0.571618,0.942020,0.973407,-0.469933,1.214345,1.508542,-0.050228,0.273910,0.139280,0.384632,-0.253077,1.564686,-1.345577,-0.306106,-0.650749,1.238453
1.033735,0.034472,-1.015679,-0.450011,0.956874,0.303482,-0.835521,-0.427938,0.685589,0.708880,-0.490787,-0.136963,0.269612,-1.086841,-0.052911,1.453565,-0.139878,-0.167665,0.297883,-1.403468
0.793107,0.925924,1.294553,0.677272,1.506468,0.320300,1.316331,-0.089687,0.862415,-0.468100,0.277419,-0.803954,-0.252414,-0.987963,-0.476979,-1.010185,-0.378756,-0.861447,0.097027,-0.568011
0.790863,0.426697,-0.071401,-0.315249,-0.793992,0.668541,1.311820,1.144864,-1.262457,-0.473393,0.604231,-1.637691,0.364220,-0.465614,-1.198385,0.658653,1.500809,-0.089832,-1.105327,-0.389224
0.359306,-0.909732,1.427648,1.093311,-0.400488,-0.598115,-1.091228,1.032083,-0.024245,-0.186543,0.259350,0.845520,0.890823,0.290847,0.247405,0.569451,-1.447069,0.788647,-0.293039,0.279202
0.580013,-1.227264,0.298410,0.819000,0.624408,0.004954,1.371411,-0.832205,1.092183,1.249688,0.029047,-1.059872,-0.300671,0.289755,-0.079160,0.612957,-0.585884,-1.219679,-1.443636,1.218444
0.986162,0.698359,1.482779,0.088917,1.171318,-0.640329,0.264556,-1.217895,-0.474938,-1.459917,-0.379586,-1.275599,0.370199,-0.812312,1.183759,-0.229167,1.293330,0.209100,0.586681,0.293506
0.724570,-0.429930,0.406557,1.515744,-1.379846,-0.147423,1.265776,0.191872,-0.171321,-0.542031,-0.782045,-1.041000,0.739480,0.259284,0.077177,-0.621029,-0.554422,1.601369,0.068699,-0.345823
1.258051,-1.669286,0.444207,0.596278,-1.297262,-0.296560,-0.239091,1.278836,0.521757,-0.787051,-0.676080,-0.329484,0.040896,-0.261643,1.459630,0.636041,-0.042143,0.626050,-1.152708,-0.869870
1.249230,-1.537346,0.777732,0.282576,-0.905880,-1.234299,-0.312736,1.129696,0.572867,-0.097646,-0.825239,1.261294,-1.239227,-0.515628,0.543793,-0.043226,0.728666,-1.029705,-0.531276,-0.163149
0.677380,-0.701041,0.206460,0.931663,-0.967947,0.350626,1.033599,0.298092,-0.392423,1.400116,-0.519255,-0.248983,1.070018,1.646326,-0.865281,-0.210355,0.071541,0.901671,0.788268,0.353709
0.846231,0.097034,-0.535034,-0.057093,0.318076,1.484840,-0.195385,0.371091,0.186119,-1.236229,-0.216070,-0.081819,0.215865,-0.071955,-0.170756,-1.381024,-0.030712,0.136018,0.348445,1.411707
1.144878,-0.029486,1.068258,-1.006420,-0.576027,-1.069060,-1.266339,-0.183713,-0.168917,0.837664,0.547709,1.050628,-0.264679,0.342535,-0.836379,-0.639199,0.310161,-1.027090,1.488472,-0.506357
0.528001,1.169096,1.184634,0.395752,-0.748153,-0.664014,-0.496399,-1.219576,-0.541262,-0.806009,1.304072,0.221894,0.267289,1.111709,-0.861274,1.080026,-0.476730,0.216235,0.118195,-0.825325
1.062385,0.356952,-1.074741,-1.325425,0.993436,0.531969,-0.805741,1.066955,0.561304,-1.257545,-0.272700,-0.241456,-0.042286,1.482956,0.313710,-0.759450,-0.538805,-1.027277,0.703805,1.482695
0.509614,1.054855,0.292988,0.420970,1.379965,0.814616,0.909033,-0.486803,0.089932,0.246779,0.450362,-1.357394,-0.807172,-0.211802,-1.188259,-1.699593,-0.480891,-0.289329,-1.045860,-1.348294
1.356867,-0.738076,-0.444073,-1.011306,-0.709009,0.789550,0.408137,1.015080,-0.991749,-0.832140,1.015417,-1.008933,0.546520,0.902725,-0.738402,1.018268,0.581773,-0.940969,-1.162564,-0.969147
0.156414,1.456439,1.073631,1.438095,0.502653,0.821332,1.415827,-0.094432,0.157454,-0.920267,0.300341,-1.275320,-0.482342,-1.111749,-1.108155,-0.669155,-0.578193,-0.293388,-1.311948,-0.248413
0.135343,0.039020,-0.186318,-1.086081,0.614419,1.164895,-0.256224,-0.207810,0.816672,-0.987036,-0.007904,1.295626,0.694901,-0.440721,0.458070,-0.842176,0.443736,1.399579,0.956591,-0.710719
0.613058,0.595135,0.769214,0.295237,0.835588,0.200073,0.812151,0.321615,0.767434,0.582364,0.678741,0.886613,0.578041,1.029683,0.493889,1.003815,0.432117,0.755046,0.387075,0.255899
0.982828,0.571568,1.481754,-0.203302,0.908302,-1.021356,-0.145281,-1.553162,-0.639182,-1.580138,-0.130128,-1.125393,0.808527,-0.420105,1.114551,0.204213,0.409143,0.460305,-0.653114,0.308916
1.455653,-1.248196,-0.877438,-0.653270,0.639545,1.498979,-1.386087,-0.193908,0.524284,-0.382484,-0.633769,0.200004,1.113103,-0.905981,-0.132098,0.833778,0.587991,1.034594,-0.680473,-1.536000
0.865417,0.957190,0.234024,-1.324237,-0.417567,-0.622684,-0.868857,0.028609,1.381205,0.128434,-0.144002,1.496182,-0.941402,-0.125230,0.254510,-1.375348,0.623073,-0.065992,0.163394,-0.189273
0.964357,-0.300492,-0.349673,0.086112,-0.390063,-0.418781,0.498830,0.593314,0.138982,-0.097400,-1.032898,-0.905336,1.431773,1.618730,-0.917269,-1.477279,-0.155840,0.649029,0.922131,0.086276
1.433432,-1.018269,-1.031011,-0.472114,0.274261,1.391540,-0.805213,-0.345455,0.631283,-1.302806,0.447114,1.120804,-0.211463,0.687693,0.044354,-1.595260,-1.097590,0.208858,1.065739,1.521455
1.480582,-0.762289,-0.446573,-0.473525,1.296559,0.525659,-0.220518,-1.416129,0.870596,-0.296613,0.128804,-0.080054,0.347623,-1.694355,0.510890,-0.007288,-0.213933,-0.581621,0.822117,-1.493513
1.031413,-1.059278,-0.014170,1.106994,-0.749506,-1.135865,0.151821,1.165284,0.506218,-1.152424,-0.049387,1.147433,-0.550089,-1.123621,0.027950,1.078566,0.795130,-1.055064,-0.268982,0.986532
1.238272,0.012331,0.933581,-1.309722,-0.653744,-1.633408,-0.239093,-0.596901,0.829320,0.790192,-0.288256,1.234927,-1.450519,0.539112,-0.260946,-0.257664,0.456590,-0.198194,-0.872328,0.453177
1.415263,-1.471073,-0.168587,-0.171640,-0.365519,0.006754,0.509194,-0.011828,-1.479211,1.576585,0.144264,-0.890003,0.023851,0.246799,-0.600214,-0.983783,1.441063,-0.365244,-0.187259,1.195459
0.785025,0.434031,0.571240,0.943502,0.502362,-0.995951,0.316523,-0.304725,-0.814426,-1.174562,-1.394721,-1.034688,-0.110404,0.215716,1.175741,-0.375090,0.790650,1.423127,0.036461,0.647270
0.905214,0.434661,-0.537114,-0.413711,0.054110,0.341923,0.514259,-0.018562,-1.008379,-1.177148,1.360672,0.108319,-1.489401,1.676613,1.343348,0.065236,-0.957361,-1.544745,0.402730,-0.113735
0.826108,-0.296689,-0.494144,0.331923,0.357173,1.575062,-0.433099,-0.239148,0.611400,0.719267,-0.738429,0.876224,0.579143,-1.065483,-0.238792,0.241631,-0.307907,-0.360876,0.864747,-1.601162
0.246764,1.202161,1.374254,1.021108,0.327983,0.522387,0.453083,-0.129263,-0.752367,-0.698086,-1.268744,-1.077959,-0.101956,-1.052656,-0.204934,-0.712602,1.144557,-0.190976,1.001620,0.405996
0.497371,-0.647237,1.228289,1.582176,-0.986704,-0.304591,-0.617722,1.610254,0.360175,-0.537481,0.627187,1.003758,0.334443,-1.153924,-1.408625,0.333011,0.053418,-1.522927,1.218492,0.140105
1.162717,-1.666805,0.530993,1.129822,-1.339231,-0.329691,-0.726429,0.670697,1.116093,-1.519893,0.646903,1.322433,-0.723660,-0.349579,-0.201497,0.298849,0.502769,-1.186262,-0.456968,1.355128
1.231741,-0.385320,-0.310748,-0.253474,-1.289171,-0.767394,1.081779,0.419600,0.471567,1.460049,-1.008129,-0.995617,0.380558,-1.021191,0.077985,0.795962,-0.362642,0.347438,0.881385,0.345761
1.458499,-0.989948,-0.737111,-1.256357,0.595041,1.135462,-1.087178,0.859888,-0.057495,-0.720472,-0.341372,-0.001742,0.103252,-0.002251,0.801729,-0.909726,-0.106399,0.706864,0.927774,1.416181
1.228793,-1.488263,-0.264554,1.472871,-1.294853,-0.884097,1.076093,0.006551,0.602683,0.726903,-1.159490,-0.961716,0.270230,0.724551,0.424626,-0.353408,-0.486461,0.272334,0.549682,-0.597224
1.168163,0.018504,1.100438,-1.126582,-0.507397,-1.410342,-1.016161,-0.498048,0.074612,0.913220,0.413521,1.625026,-0.801791,1.033134,-1.209569,-0.451576,0.258494,-1.590756,1.273071,-1.433290
1.272004,-1.533898,0.689206,0.260761,-0.948966,-1.175492,-0.094670,1.064990,0.472600,0.045808,-1.118933,1.021527,-0.938416,-0.301244,0.832967,-0.409414,0.262898,-0.655740,-0.557824,-0.523098
1.190042,-1.599994,1.009417,0.354341,-0.692233,-1.135352,-1.089202,1.502235,0.130555,-0.302690,0.345553,1.261997,-0.807012,-1.365102,-0.728194,0.289213,0.919132,-1.374373,1.353247,1.246038
1.275440,-0.902720,-1.274450,0.406683,0.525660,0.186845,0.378623,-0.401559,-0.719659,0.135481,0.512719,0.564795,-0.425841,-1.279522,0.851536,1.620387,-1.264948,-1.365198,1.033089,0.626190
0.684681,0.618738,0.526712,-0.246936,-1.436774,0.043145,1.084613,1.072993,0.213354,0.989825,-1.171595,-0.521857,0.978939,-1.610742,0.043568,-0.935549,-0.622699,0.363340,0.252283,0.461640
1.049267,-0.002677,0.489424,0.290627,-0.969123,-1.226960,-0.669517,-1.051531,0.851966,0.908430,0.794318,0.465563,-0.695379,0.711862,-0.925342,0.567843,0.520832,-1.485155,1.034885,-0.729316
0.935472,0.406524,0.421395,0.119285,-0.290973,-1.488563,-0.507988,-0.202219,-0.344554,-0.788706,0.671820,1.412536,0.899064,0.413863,-0.824571,0.874030,-1.200206,-0.682097,0.850164,-0.956867
1.024582,-0.307900,-0.622954,-0.114347,-0.055263,0.080215,0.466916,0.032006,-0.336772,0.071736,-0.245282,-0.591785,0.870090,1.221933,-1.020398,-1.373202,0.511264,0.804160,0.399741,0.266939
0.791991,1.061616,0.454649,-1.078603,-0.018732,-0.478085,-1.393461,-0.723152,0.664678,-0.346282,0.847559,1.619290,-0.219293,0.362441,-0.653677,0.046648,-0.620431,-0.291598,1.451969,-1.647031
0.900249,0.792319,0.250585,-1.066950,-0.258091,-0.327654,-0.933458,-1.142477,0.656588,1.078245,1.052534,0.722441,-1.257700,0.405469,-0.308691,-0.239580,0.799951,-1.588728,0.248829,0.274132
0.457415,-1.041405,-0.033043,0.479972,0.310903,0.220292,1.219934,-0.564801,1.086303,0.355645,0.496915,0.079026,0.906308,-0.308793,1.446100,0.089526,0.851024,0.397650,0.210705,-0.663602
1.378353,-1.505227,-0.533976,0.175168,-0.401583,0.995389,0.097613,-0.531873,-1.065231,0.383657,1.287073,-1.165569,-0.109929,0.851271,0.264901,0.807646,0.300351,-1.290967,-1.453533,0.435759
1.133055,0.275308,-1.037686,-1.601290,0.579889,1.053997,0.121547,0.353190,-0.813494,-0.438305,1.227042,-0.469368,-1.207702,0.228286,0.745594,1.208624,0.021238,-1.526330,-0.804797,0.044075
1.358218,-1.393690,-0.930389,0.786201,-0.245448,0.510240,0.362154,-1.554505,-0.262078,1.503985,1.127938,-0.451726,-1.392543,-0.755457,0.315357,1.228544,0.194230,-0.832853,0.034512,0.150752
1.390208,0.046626,0.326444,-1.053880,-0.206084,-0.388443,1.495286,0.774538,0.000064,0.276177,0.092619,-1.076227,1.453213,-0.915207,-0.289054,0.406541,0.412985,0.418955,1.298468,-0.949464
1.001163,0.005742,0.681218,0.387610,-0.629087,-0.763193,-0.972447,-1.604660,0.147008,0.170952,1.009793,0.759789,0.366553,0.286856,-0.792914,1.149893,-0.702586,0.298036,0.406318,-1.492504
0.229098,1.620741,0.355904,0.468332,1.035441,0.353831,0.610416,1.243192,1.400679,0.311766,0.439957,-0.545346,1.190761,0.295243,-0.136940,0.012140,0.521678,-1.272554,-0.788812,-0.706070
1.012411,0.343752,1.384534,-0.535629,0.665427,-1.269129,-0.540570,-1.429876,-1.108644,-0.943542,-0.565828,-0.005203,0.285494,1.004247,0.463969,1.583218,-0.341229,1.463214,-1.202905,0.696019
0.539746,-0.272557,1.032551,0.990648,0.126008,-1.381383,-0.691185,0.193038,-1.022821,0.367743,0.319770,0.359662,0.729983,-0.197495,0.883645,-1.096401,-0.737487,1.155042,-0.665022,-0.311690
1.223997,-0.391503,0.318015,-0.705499,-1.459618,-0.148853,-0.167599,0.032138,0.992274,0.338055,-0.212585,0.692317,-0.151207,-0.107299,0.801183,-1.274816,-0.554796,-0.386832,-1.230206,1.451686
1.204314,-1.656237,0.780519,0.537738,-1.026925,-0.654814,-0.968933,1.685141,0.448788,-0.811132,0.228592,0.361852,-0.695748,-1.482136,0.278719,1.127223,1.401786,-0.194339,0.164557,1.132048
1.220784,-0.167289,-0.883431,-0.638944,-0.316977,-0.472882,1.350531,1.612894,-1.287317,-0.697937,0.232301,-0.284629,0.817370,-0.645256,-1.027571,1.621412,0.545694,-0.570309,-0.055520,-0.633441
0.167614,1.669812,0.241894,0.565903,0.813675,0.394446,0.456880,1.425588,1.281453,0.783008,0.540787,-0.174383,1.476039,0.677869,0.451112,0.767098,1.335003,-0.525467,0.196621,-0.331416
0.941229,0.128992,1.188450,-0.287462,0.316305,-0.162440,-0.899612,-0.207532,-1.439440,-0.736730,-0.754140,-1.084375,0.605839,-0.558447,1.463094,0.754153,1.107079,1.670941,-0.158367,1.276795
0.906069,0.660670,-0.380899,-0.807760,-0.354871,-0.505389,0.985914,0.629350,-1.200992,0.343265,0.892975,-0.441089,-0.269694,-0.132307,-0.380130,0.336144,0.629327,-0.129655,-0.423703,-0.230713
1.356485,-0.207251,0.383102,-1.568428,-0.540385,-1.184191,1.051546,0.193042,-0.091381,0.381310,-0.985837,-0.540882,0.591732,-0.528156,-0.579369,0.862392,-1.266016,1.694482,0.448019,0.668335
0.775015,1.096754,0.516958,-0.615921,-0.996689,-1.618200,-0.092466,-0.183004,0.927192,1.598777,-0.113609,0.968594,-1.028937,-0.956010,0.658376,-1.299172,0.598017,0.140076,-0.637675,0.995558
0.890515,-0.235652,-0.054812,0.679863,-0.796894,-1.154830,0.814648,0.281686,0.039060,0.873837,-0.939611,-0.773239,1.019821,0.159654,-0.246215,-0.647067,-0.651189,1.602610,0.734195,-1.283848
1.286999,-0.594610,-0.910212,-0.294460,-0.401811,-0.267400,1.051165,0.980728,-0.662122,0.045711,0.510638,-1.577753,-0.734720,1.109560,0.151097,0.674576,1.083805,-1.087489,-1.377593,0.021240
0.629388,1.319898,0.713849,-0.565376,0.790697,-0.423812,-1.157132,-0.507059,-0.493821,-1.560119,-0.595357,0.022593,1.048716,0.757718,0.848887,0.226537,-0.095701,1.410133,-0.550595,0.626047
0.328004,1.047352,1.447000,0.673277,-0.021988,0.139622,-0.336772,-0.252533,-0.842065,-0.340896,-0.792215,-0.071513,1.121149,0.354177,0.695832,0.624529,0.205236,0.500039,-0.317887,-0.012887
0.555059,0.354098,0.480079,0.445720,0.270306,1.167138,0.142298,1.570827,0.296530,1.129233,0.646789,0.290937,1.100779,-0.021067,1.428657,0.482705,1.475067,1.057517,1.197911,0.874196
0.667398,-0.447374,0.804507,1.653337,-1.400413,-0.674724,0.351781,0.523438,0.551480,-1.512531,0.157355,0.265200,-1.080546,-0.540652,0.480012,1.189241,0.992129,0.159528,-1.216132,0.515985
0.083455,-0.073928,0.718230,0.555589,0.361850,0.798110,1.382779,-1.582330,0.488076,-0.077993,1.435936,0.167864,0.453915,-0.294725,0.790070,1.602265,0.210128,-0.363641,-0.209194,-0.881745
0.985524,0.247951,1.344884,-0.543259,0.594868,-0.970625,-0.679969,-0.898099,-1.349465,-0.389125,-0.959092,0.208401,0.071426,0.623661,0.671627,0.694004,0.376172,0.432205,-0.366815,0.048618
1.186004,-1.677737,0.536397,1.076443,-1.356082,-0.283255,-0.773382,0.772652,1.063350,-1.588535,0.609755,1.181694,-0.659852,-0.204282,-0.072655,0.460772,0.466665,-1.343920,-0.610615,1.144404
0.630510,-1.358490,0.411305,0.775170,0.475278,0.435853,1.113766,-1.478610,1.257270,1.591909,0.398058,-0.603370,-0.621657,-0.737126,-0.740847,1.513774,-0.461150,-1.249700,-0.712306,0.251482
0.207975,1.659977,0.355969,0.543740,0.981304,0.291595,0.644890,1.207642,1.384490,0.567999,0.525398,-0.525302,1.238870,0.151563,0.015918,0.308622,0.692636,-1.015706,-0.652846,-0.994334
1.258240,-0.445915,0.096553,-0.691670,-1.449985,-0.036528,0.297675,0.161949,0.686899,0.430333,-0.486857,0.448284,0.533216,-0.601817,0.375645,-1.037578,-1.407917,0.618286,-0.023700,1.480079
0.972146,0.277553,-0.898978,-0.381347,0.797044,0.362586,-0.700187,-0.676457,0.580069,-0.375213,-0.466816,1.519769,0.354372,-0.126952,-0.204277,-1.613978,0.071969,0.671371,0.042997,0.958819
0.877727,-0.995930,0.397250,0.974513,-0.012230,-0.899363,-0.728249,0.866323,-0.636659,-0.784536,1.169280,0.725119,0.789281,-0.609408,-1.220776,0.481848,-0.584066,-0.377867,0.660564,0.252910
0.467915,-1.029428,-0.025358,0.457391,0.370702,0.167511,1.264745,-0.437637,1.014134,0.184211,0.497899,0.278819,1.027937,-0.411881,1.419118,0.085967,0.631373,0.603570,0.168292,-1.089359
1.506508,-0.550131,-0.513177,-0.453011,1.491262,0.944799,-0.467835,-0.689985,1.440489,-0.371388,-0.446943,0.882960,1.420623,-0.833668,-0.386611,-0.279939,1.345770,0.807682,-0.325238,-0.966642
1.457122,-1.263244,-0.536757,-0.708578,0.610778,0.463071,-0.513127,-0.640420,-0.578994,1.364889,-0.000862,0.543707,-1.099805,-0.858239,0.890571,0.386060,-0.759220,-1.291255,1.373673,-0.256298
1.231266,-0.364972,-0.772384,-0.356874,-0.680825,-0.751513,1.448465,1.504690,-0.763035,-0.038942,-0.307551,-1.233626,0.623720,0.386583,-0.493619,0.288932,0.588248,0.826693,-0.503839,-1.283820
0.987939,-0.123580,-0.716683,-0.009374,0.202369,-0.217096,0.317208,-0.230120,-0.619573,1.250935,0.569592,-1.508977,-0.159163,0.397088,-0.486069,0.967229,1.061132,-1.208851,-1.450316,0.532521
0.198889,-0.064919,0.744876,0.359269,0.760901,-0.011481,1.222983,-1.456201,0.573007,1.291902,0.810413,0.308633,-0.307618,-0.576622,-0.010902,0.201901,-1.222843,-1.046158,-0.510254,1.195492
1.065032,-0.039368,-1.114673,-0.661127,1.044266,0.658218,-0.902807,-0.298074,0.673057,0.025671,-0.372283,0.040829,0.018144,-0.206409,0.293167,0.570627,-0.587336,-0.678456,0.863245,0.150754
1.268743,-1.463819,-0.431703,1.420137,-1.162689,-0.721842,1.248552,-0.253543,0.144316,1.034316,-0.852314,-1.327026,0.524671,1.078857,-0.315010,-0.558949,0.023677,0.210500,0.876427,-0.216044
1.472062,-1.070188,-0.512769,-0.825056,1.002061,0.208845,-0.554529,-1.342923,0.143031,0.443785,-0.420991,0.918710,-0.684513,-0.275025,-0.015613,1.428796,-1.134947,0.241909,0.560672,-0.843038
0.667700,0.709623,0.956225,0.403459,1.150949,0.123265,1.246473,-0.096510,1.193336,-0.250263,0.993173,-0.299906,0.699753,-0.330530,0.317520,-0.272813,-0.107523,-0.248539,-0.545264,-0.192729
0.922024,0.701470,-0.342621,-0.950142,-0.412796,-0.666662,0.972143,0.868867,-0.994766,0.671557,0.492987,-0.844413,0.260296,-0.647988,-0.799549,0.768471,0.827405,0.613617,-0.272321,-0.706444
1.016762,-1.149538,0.136586,1.320378,-0.745239,-1.445373,-0.087250,1.533992,0.498480,-1.647567,0.236063,1.654444,-0.437579,-1.648924,-0.471400,1.609443,0.601523,-1.520656,0.608141,1.382783
1.322363,-1.042328,-1.329358,0.446286,0.599806,0.251219,-0.294799,-0.553138,0.732782,0.271052,-0.839997,0.170802,0.038766,-0.306961,0.568747,-0.009783,-0.289219,0.544064,0.009051,-0.775775
1.365019,-0.144538,0.429465,-1.530385,-0.531349,-1.209014,1.072922,0.085922,0.089054,0.297464,-0.995694,-0.649978,0.603061,-0.777608,-0.319487,0.602915,-1.348170,1.646900,0.324470,0.924730
1.225205,-0.312439,0.573279,-0.853377,-1.308873,-0.293425,-0.705925,0.237861,0.833713,0.294286,0.160308,0.334130,-0.459380,0.252555,0.715376,-0.419225,0.639261,-0.895572,-1.192877,-0.122995
1.079482,-0.121924,-1.109116,-0.635280,0.921621,0.820914,-0.620847,-0.508499,0.230372,0.055044,0.219215,0.197121,-0.607142,-0.292882,0.888168,0.293924,-1.057906,-0.350334,1.029188,0.349162
0.148817,1.554595,0.960093,1.407213,0.559501,0.599752,1.491200,-0.340032,0.267008,-0.758983,0.825547,-0.552969,-0.482485,-0.172453,-0.418486,-0.226339,-0.912171,-0.811963,-1.169529,-1.450711
1.244069,-1.155454,1.034106,0.653133,-0.440555,-1.413041,0.119615,0.375462,1.364411,-1.529055,0.344640,0.159475,-0.733572,-1.495956,0.458869,0.060881,1.045926,-1.281920,-0.469114,0.116963
0.029042,1.689433,-0.000710,0.883352,0.134931,0.330152,-0.034515,1.246860,0.230019,1.636670,-0.044073,0.627737,0.326164,0.439159,-0.057240,1.456972,0.416781,1.461226,-0.069529,0.441931
0.603460,-0.417267,0.633964,-0.009468,1.176940,0.169506,-0.716233,-0.084944,-0.592594,-0.006077,-0.965467,-0.063554,-0.170659,0.423353,1.174470,-0.949037,0.465826,1.304643,0.767035,-1.297467
0.993503,0.424598,0.068947,-0.608377,-0.632149,-0.973512,-0.129086,-0.228846,0.453262,0.763836,0.433215,0.895411,-0.741599,0.025386,-0.463825,-0.898297,1.235630,-0.778561,-0.003367,0.218280
1.091825,0.121536,1.239238,-0.903076,-0.142930,-1.330459,-1.176299,-0.773219,-0.621354,0.380199,0.405789,1.307887,0.171976,1.313789,-0.905145,0.362409,-0.891429,-0.883620,0.506067,-1.526147
0.860156,-0.182190,-0.525973,0.679923,0.121246,1.022637,0.276146,-1.314384,-0.617199,0.018458,0.843477,-0.503401,-0.943690,-0.712018,0.881616,1.571246,-0.686888,-0.023467,0.410171,0.247190
0.762383,-0.552663,-0.300870,0.442971,0.007903,1.124210,0.084951,-0.370676,-0.130338,1.541690,0.325640,0.447276,-0.673216,0.196513,1.061204,1.492072,-1.172075,-0.484396,0.830825,0.699190
0.552286,0.399680,0.575018,0.335519,0.425336,0.875762,0.297248,1.433799,0.295850,1.410507,0.512442,0.739483,0.849347,-0.001178,1.221549,-0.207679,1.428146,0.225557,1.408789,0.725784
0.323471,-0.110817,0.624963,-0.153884,1.204240,-0.007591,0.622629,-0.280087,0.985229,1.096419,-0.320355,-1.287208,0.043325,0.211951,-1.334990,1.236270,-0.487324,-1.551101,-1.366838,0.616251
1.475722,-0.957974,-0.295039,-0.335229,0.830737,0.060628,0.400582,-1.675524,-0.160275,0.138606,0.964435,-0.898828,-0.879583,-1.026665,0.956024,0.558165,-0.892636,-1.070421,0.178214,0.447270
0.782651,-0.438352,0.457294,0.300610,-0.153081,-0.681139,-1.334295,1.280932,0.914188,-1.641962,0.612874,1.529906,-0.218360,-0.983257,-0.837655,0.396547,-0.092640,-0.229922,1.457938,0.574265
1.032531,-1.612893,1.152080,0.388143,-0.019385,-0.413286,-1.292349,1.183763,-1.295013,-0.026188,0.009990,-0.512032,1.165527,-0.376546,1.019953,-0.472604,-0.085150,1.385952,-0.798663,-0.428311
1.425609,-1.382225,-0.535380,-0.439642,0.212965,0.734184,-0.296914,-0.295347,-1.049324,1.322866,0.590455,-0.641213,-0.908459,-1.077926,1.301090,0.573761,-0.063365,-0.526941,0.465935,1.264340
1.265687,-0.444670,-0.874581,-0.325264,-0.485851,-0.541596,1.261648,1.427628,-0.839348,-0.269685,0.182418,-1.342001,-0.064482,0.947887,-0.160087,0.272726,0.916850,0.104812,-1.300586,-1.004548
0.750225,1.041375,0.518669,-0.779284,0.379342,-0.162031,-1.341658,-1.461336,-0.358192,-0.271723,0.944119,0.685276,0.403052,0.393687,0.236504,1.534678,-1.322448,-0.507491,-0.279400,-0.368370
1.202150,-1.054851,-0.845376,0.865923,-0.356320,-0.527460,1.399735,0.118252,-1.257394,0.160739,0.119469,-0.289715,0.949746,0.234140,-1.058874,0.039444,0.458915,-0.412679,0.106749,0.767112
1.108255,0.183508,1.303022,-0.869590,0.048109,-1.481959,-1.032516,-1.179808,-0.568376,-0.058090,0.423699,1.150361,0.236232,1.677601,-0.938877,1.170924,-1.332582,-0.092696,-0.148601,-1.267341
0.349311,-0.402392,1.307837,1.379476,0.221265,0.071185,0.307485,-0.230408,-1.303448,-0.130402,-0.660647,-1.445333,-0.102711,0.711400,0.508938,-0.682405,1.390574,1.518792,-0.120186,0.024227
0.540650,-0.364696,1.143585,1.495896,-0.550643,-1.024554,-0.561129,0.136201,-0.743825,-1.201760,1.394376,0.822059,0.211434,0.241995,-0.186605,0.712486,-1.167921,-0.527165,0.221726,-0.694155
1.077973,0.136201,-1.244937,-1.101171,1.368031,0.878525,-1.439723,0.233539,1.469922,-1.056782,-1.480807,0.779252,1.441881,0.308756,-1.317689,-1.031830,1.200230,0.662548,-1.054372,0.395051
1.315234,-1.250305,-1.129384,0.732455,0.067553,0.301354,0.197064,-1.230039,0.071147,1.453216,0.519118,-0.754581,-1.405699,-0.474216,1.172928,1.434228,-0.375893,-1.551195,0.482397,0.698729
0.828327,-0.324583,-0.273651,0.973438,-0.395836,0.958315,0.929007,-0.717004,-1.179942,0.625169,1.032014,-1.371840,-0.548571,-0.527547,-0.139663,0.226400,0.798305,-0.678985,-1.196921,1.571801
1.153841,-0.841298,-0.901706,0.467447,-0.084769,0.058846,1.138985,-0.583908,-1.442784,0.970804,0.730916,-1.062855,0.508349,0.918405,-1.360258,-0.537306,1.267915,0.042453,-0.323064,0.435366
0.804340,-1.417379,1.103782,-0.235612,0.916451,0.177517,0.328357,-0.143628,-0.413899,1.617738,-0.962146,-0.839201,-1.074661,-0.053229,-0.712449,-0.575392,-0.067022,-0.677579,0.640141,1.504427
0.419266,1.187170,1.354519,0.731503,-0.254094,-0.117627,-0.333663,-0.890150,-1.201485,-1.161063,0.129573,-0.787115,1.139165,-0.004286,0.268845,0.781439,0.121692,1.097842,-1.433043,0.789752
0.890437,0.258841,-0.622826,-0.147864,0.280563,0.981197,0.008621,-0.164015,-0.302494,-1.695304,0.499593,-0.000970,-0.649190,1.088500,0.702258,-0.155417,-0.715664,0.210373,0.640437,0.849726
1.350865,-1.535358,0.213050,0.155947,-0.941594,-0.403704,0.506067,0.754033,-0.625307,0.836494,-1.149776,-0.651963,0.870665,0.169800,0.106039,-1.522933,-0.251072,1.093204,1.398601,-0.198874
1.238717,-1.243434,1.004530,0.523346,-0.465066,-1.572030,0.007008,0.258607,1.234865,-1.600435,0.190529,0.289572,-1.009708,-1.249164,0.066006,0.571963,0.714294,-0.666967,-0.742570,0.945375
0.911658,-0.447162,0.146324,0.295334,-0.516752,-0.576609,-0.572331,1.133514,1.434970,-1.437100,-0.635465,1.269540,-0.778677,-0.628662,0.824448,-0.038382,0.242681,0.364233,-0.431944,-0.166462
0.097116,-0.614103,1.268739,0.616250,0.586515,0.850437,0.902434,-0.252459,0.760977,1.677226,-0.677367,-0.058174,-0.385348,0.868984,-0.855339,1.032780,-1.358164,-0.385084,-0.053396,1.339456
1.354440,-0.808210,-0.808707,-0.563281,-0.370464,0.830996,0.260878,0.194027,-0.464369,-0.687655,1.410357,0.028309,-0.964914,0.484683,-0.080339,-0.031179,-0.026962,-0.303828,-0.311785,-0.072496
0.719360,1.154380,0.611273,-0.706884,0.631739,-0.123198,-1.308700,-1.205326,-0.536496,-0.924537,0.301290,0.685047,0.717748,0.077320,0.907401,1.397779,-1.151836,0.706809,-0.570840,-0.615264
1.466979,-1.040418,-0.771246,-1.204611,0.789621,1.147192,-1.330306,0.531315,0.343073,-0.418997,-1.017399,0.511317,0.716433,-0.589184,-0.126493,-1.209068,0.909803,1.160909,0.046509,1.033695
0.447929,1.515458,0.860923,0.121079,0.988472,-0.776732,-0.151176,-0.217225,-0.456201,-0.584306,-1.319588,-1.570765,-0.151153,-0.700358,-0.100640,0.663001,1.382806,0.425796,0.394386,0.277625
1.516109,-0.865789,-0.545922,-0.933659,1.327297,0.305424,-0.693322,-1.392980,1.015157,-0.754837,-0.886096,0.607212,0.639712,-0.825654,-1.063285,0.286008,0.278991,1.389024,-1.077295,-0.243934
0.008870,1.659586,0.404805,1.483597,0.044641,0.653398,0.856861,0.221967,0.129723,0.654493,1.180805,1.383065,0.275143,1.421207,1.339743,0.674984,0.494592,0.001981,1.296605,0.180758
1.090986,-1.231823,1.414571,0.425330,0.400441,-1.435721,-0.625103,0.004335,-0.340174,-1.196996,0.753209,-0.210902,0.935100,-0.528696,-0.211923,-0.212970,-1.218354,0.369977,-0.859486,-0.076153
0.587352,1.379023,0.745960,-0.405565,0.915477,-0.504011,-0.947539,-0.317604,-0.529702,-1.546497,-1.000980,-0.538888,0.848434,0.749137,0.724905,0.155104,0.644414,0.973479,-0.354133,1.414901
1.484658,-0.620537,-0.491907,-0.428663,1.449207,0.845742,-0.431116,-0.911547,1.348283,-0.323761,-0.313325,0.646434,1.190321,-1.170174,-0.162667,-0.224084,1.007832,0.404125,0.025812,-1.344820
0.340741,-0.401035,-0.021698,-0.599004,1.192767,1.443268,0.686744,-1.682965,0.821170,1.137947,1.427368,-0.158811,0.393208,-0.743433,0.906726,1.038200,0.572213,-0.738506,-0.324236,0.104824
0.799857,-0.299705,0.328339,0.629544,-0.756771,-1.441641,-0.302104,1.429039,1.304696,-0.522143,-0.754442,-0.050455,-0.399581,-0.441674,0.255710,1.086098,1.033653,-0.713579,-1.435460,-0.282677
1.096329,-0.916296,-0.502403,0.678347,-0.571194,-0.378125,1.057530,0.043597,-0.490395,0.338215,-0.529296,-0.721004,0.996582,0.997050,-0.476666,-1.207912,-0.503890,1.324414,0.961891,-1.327280
0.475954,-0.764564,0.063445,0.130553,1.006323,0.525470,1.317124,-0.785372,0.490135,0.424692,0.935282,0.355033,0.949705,-1.121895,-0.260776,1.428156,-0.175577,-1.179738,-0.124680,0.518312
1.000454,-1.626858,0.749277,1.415260,-0.574450,-0.527041,-1.066545,0.035988,-0.019532,-0.382262,1.044105,0.970959,0.600521,-0.835768,-0.705231,-0.048814,-0.987439,0.822494,0.131401,-0.709568
0.870522,0.111306,1.043884,0.160730,0.376567,0.369501,-0.569098,-0.418892,-1.040461,-1.534978,-0.662028,-1.363494,0.198295,-0.007510,0.901337,0.801305,0.856242,0.504040,0.157684,0.318741
0.645501,0.956172,0.912605,0.914579,1.130363,0.809526,1.300966,0.654267,1.423009,0.489583,1.498663,0.323486,1.488740,0.130181,1.395570,-0.055740,1.236007,-0.271240,1.034991,-0.470583
0.863998,-0.476112,0.222085,0.289460,-0.451770,-0.542981,-0.775841,1.082662,1.375065,-1.491223,-0.205657,1.520288,-1.021624,-1.079970,0.532540,0.447518,0.501785,-0.004664,-0.014762,-0.030860
0.729839,-1.234260,0.497983,1.152673,0.713062,-0.779976,0.738723,0.172592,-0.523729,0.466848,-1.475290,-1.031194,-0.621570,1.324217,0.345257,-1.305251,0.384922,0.938615,0.639353,-0.316656
1.002973,0.655934,-0.314064,-1.599539,-0.427807,0.019154,0.310927,0.444843,0.482842,0.593837,-0.964661,0.286343,0.364412,-1.677316,0.808224,0.332261,-1.486181,1.005515,0.906731,-0.000309
0.912661,0.401645,0.400211,0.136437,-0.246450,-1.462223,-0.531900,-0.224071,-0.476801,-0.861706,0.685736,1.363103,1.022154,0.386106,-0.777332,1.054357,-1.262480,-0.659371,0.721279,-0.808933
0.427456,1.514404,0.981191,0.367933,0.762307,-0.936871,-0.000955,-0.733550,-0.802632,-0.276825,-0.983009,-0.874654,-0.424464,-1.195176,0.448233,0.083154,0.960054,1.351999,0.772007,0.970821
0.831173,-0.982387,0.454386,0.914019,0.331704,-0.806791,-0.644075,0.671375,-1.193426,-0.471940,0.660481,0.287529,1.274607,-0.047075,-0.273577,-0.136805,-0.639308,0.361954,-0.505416,-0.537238
0.882991,-1.509034,1.170028,0.007165,0.727571,0.015505,-0.219622,0.319732,-1.102910,1.238628,-1.299383,-1.208205,-0.694576,0.253660,0.387457,-1.124856,1.265987,0.672836,1.371565,0.851845
0.825091,0.004891,-0.525095,-0.059409,0.372981,1.630348,-0.420432,0.532429,0.560516,-0.712535,-0.750152,0.510736,0.782624,-0.146537,-0.602447,-1.701812,0.211437,-0.235650,0.300085,0.295991
0.624383,-1.058297,0.389319,0.826446,0.972939,-0.407036,1.127932,-0.014413,-0.275721,0.281174,-0.960993,-0.294506,-0.523724,0.087498,-0.802430,0.287337,-0.821341,-0.621333,0.584431,0.769638
1.204493,-0.883477,-1.058055,0.434283,0.141987,0.112356,0.993869,-0.582331,-1.475643,0.778536,1.027641,-0.581886,-0.094945,0.114664,-0.665040,0.540197,0.825625,-1.091517,-0.594825,1.417161
1.355958,-1.562490,0.101242,0.193200,-0.928463,-0.136929,0.499495,0.676056,-0.802831,0.734896,-0.838002,-1.172092,1.146709,0.238182,-0.062976,-1.121731,0.075608,1.495129,1.228936,-0.066290
1.254267,-1.494204,-0.447281,1.310360,-1.162760,-0.406988,1.128431,-0.648092,0.007467,1.172754,-0.434479,-1.051931,0.492045,0.538726,-0.877452,-0.277150,0.345014,0.496006,1.134111,-0.832114
1.203228,-0.289341,-1.429618,-0.848913,1.416177,1.636149,-1.118895,-1.465018,0.667183,0.536980,-0.289082,0.448137,0.157623,-0.781859,-0.267697,0.364383,0.522483,0.250352,-0.675929,-0.362199
1.180532,-0.259112,0.624193,-0.685562,-1.263726,-0.295804,-0.867076,-0.133596,0.883848,0.056156,0.633629,0.749187,-0.538813,0.724632,0.055546,-0.625815,0.655614,-1.497492,-0.639552,-0.161849
1.019343,0.538948,-0.792413,-1.432339,0.333695,0.029801,0.174781,1.588190,-0.483024,-0.746032,0.502708,-1.311134,-0.186940,1.316608,-0.339110,0.724756,0.892326,-1.573957,-1.251819,-0.031933
0.597642,-1.284399,0.655295,-0.721176,0.561965,0.917374,0.448517,-0.320926,0.480768,0.971546,0.656367,0.232153,0.921242,-1.616087,1.138221,0.386837,1.100743,0.052149,0.765242,0.074957
0.852499,-0.236523,-0.261727,0.998856,-0.514708,0.349639,1.170917,-1.266967,-1.481050,0.319742,1.302527,-1.082284,-0.671853,0.947643,-0.164325,0.790282,0.875691,-0.353075,-1.229430,0.578101
0.506012,-1.135236,0.066291,0.593286,0.431062,0.180393,1.338944,-0.723799,1.225116,0.747064,0.511588,-0.312593,0.680870,-0.192464,1.131880,0.432428,0.520386,-0.294740,-0.415316,-0.065329
1.458886,-1.247289,-0.646823,-0.737280,0.690562,0.787867,-0.869685,-0.375162,-0.276812,1.073912,-0.357404,0.472910,-0.470155,-1.484570,0.801939,0.219209,-0.376587,-0.325268,1.427913,-0.087876
1.368502,-0.841731,-0.692002,-0.870595,-0.318713,1.121298,0.023791,0.664752,-0.734238,-1.312687,1.491879,-0.391454,-0.510892,1.474913,0.277193,0.072987,-0.365584,-1.565200,-0.937135,0.286983
0.984853,0.363968,-0.839011,-0.648012,0.651633,0.161595,-0.418669,-0.036869,0.094752,-0.388247,0.212534,0.805326,-0.529705,0.220884,0.818978,-1.364245,-1.053186,0.296450,1.234505,1.590817
0.705493,-1.133853,0.482790,1.038878,0.817092,-0.743175,0.695500,0.334491,-0.814582,0.090031,-1.359446,-0.444513,-0.309466,0.626625,0.178493,-0.642630,0.255849,0.509185,1.094950,-0.253391
0.928136,0.279809,-0.682174,-0.206689,0.413719,0.726467,-0.131677,-0.466300,-0.151154,-1.476693,0.400092,0.720199,-0.643195,1.396763,0.824294,-0.556987,-0.923446,-0.420400,0.947154,0.255707
1.472130,-0.873914,-0.589975,-1.423354,0.973607,0.396600,-0.819588,0.057707,0.197196,-0.452803,-0.831468,1.334959,-0.351728,1.002151,-0.267183,-0.961525,-0.461903,-0.231587,0.625576,0.121169
1.153964,-0.069187,-1.386841,-1.186634,1.499796,1.624538,-1.442523,-0.774549,1.216623,-0.674298,-0.943819,1.573595,0.666753,-1.220216,-0.513803,0.016748,0.529717,0.927255,-0.692571,-0.894019
0.533587,-0.668300,0.296868,0.062549,1.354466,0.667376,0.937351,-1.226925,-0.044628,1.477241,0.226602,-1.329611,-0.792462,0.844543,-1.335316,-0.269145,-0.416832,-0.180762,-0.723577,0.297014
0.872279,-0.221212,-0.043727,0.906002,-0.872585,-0.990605,1.129992,-0.431769,-0.568158,0.956706,-0.336779,-0.200226,0.696542,0.598772,-0.235497,-1.625264,-0.726094,1.096300,1.388927,0.047806
0.924867,0.127780,-0.832008,0.016554,0.703589,0.632589,-0.628901,-1.321297,0.530348,-0.428901,-0.453318,1.591537,0.442646,-0.172166,-0.396910,-0.443842,0.415515,0.233098,-0.436571,-1.034532
0.766191,-1.311131,0.574019,1.288893,0.523891,-0.858910,0.467751,0.092146,-0.556539,0.766031,-1.459044,-1.423936,-0.620578,1.720257,0.885131,-1.460361,0.986495,0.820499,0.327041,0.034864
0.324813,-0.118158,0.490032,-0.365881,1.290663,0.330191,0.548014,-0.261202,1.211003,0.529664,-0.167996,-0.825448,0.279001,0.488439,-1.063476,0.591029,-0.627279,-1.502525,-1.181064,1.376436
0.086879,1.583262,0.723015,1.518208,0.342263,0.785962,1.369174,0.057423,0.494117,-0.116265,1.445550,0.284729,0.473849,0.696658,0.902917,0.443565,0.283799,-0.387587,0.014753,-1.172635
1.235743,-0.327370,0.561985,-1.021731,-1.282080,-0.350313,-0.504509,0.592469,0.682667,0.607271,-0.287648,-0.046704,-0.349214,-0.434154,1.216512,-0.306458,0.572611,0.009058,-1.289960,0.213939
1.102282,-0.136092,0.620674,-0.083193,-1.119437,-0.511766,-0.997781,-1.229389,0.916384,0.237930,1.307069,1.674743,-0.557795,0.436571,-1.388323,-0.839737,0.120879,-0.420799,1.256246,-0.484039
0.073236,-0.300596,0.983748,0.740394,0.389574,1.280334,1.427845,-0.711101,0.717054,0.648295,0.596343,-0.716243,0.646048,-1.234580,-0.608429,0.438236,-0.039344,-1.000193,-1.131182,0.614343
0.152359,-0.018504,0.639081,0.246084,0.634039,0.126831,1.182309,-1.501811,0.719591,1.083034,1.167511,0.660096,0.215281,-0.868774,0.664786,0.289730,-0.586115,-0.772540,-0.042762,0.617340
0.393125,0.711156,-0.129004,1.468140,0.438094,0.221863,1.190133,1.516580,0.705468,0.141235,0.510295,1.044602,1.320063,0.411218,1.250839,0.196370,0.492859,0.691896,0.845027,-0.503962
0.572372,0.718245,0.971875,-0.115297,-1.407611,-0.245577,0.034005,0.576784,1.087529,1.387586,-0.496564,1.062782,-0.454032,-0.304470,0.071729,-1.357475,0.842647,-1.177593,-0.320750,-0.178616
1.475134,-0.841250,-0.584344,-1.210326,1.282869,0.300090,-0.910971,-0.871931,0.892026,-0.781915,-1.232433,1.240057,0.526795,0.295167,-1.397016,-0.033784,0.414428,1.536203,-1.278489,0.109538
0.370049,0.470595,-0.320085,1.698042,-0.355957,0.599882,0.329712,0.819563,0.461392,1.619929,-0.190989,0.340445,-0.334770,1.228844,0.307330,1.354996,0.574615,0.318888,-0.064755,1.549096
0.088813,1.352038,1.084089,1.448784,0.454490,1.170579,1.394608,0.532745,0.532443,-0.279399,0.237048,-0.987900,0.169998,-1.434825,-1.129529,-1.499982,-0.469730,-1.190476,-1.255740,-0.694564
0.968458,-1.344708,0.446643,1.592208,-0.507898,-1.629290,-0.490439,1.475004,-0.024686,-1.148218,0.472269,0.709424,0.562372,-0.292227,-0.396857,-0.073291,-1.021511,0.254133,0.244501,-0.256470
0.828157,-0.533622,0.376147,0.280007,-0.175468,-0.458066,-1.233094,0.900594,0.945257,-1.420797,0.725006,1.682309,-0.791686,-1.588705,-0.415794,1.166965,0.055050,-0.676669,1.300262,0.306138
1.068634,-0.888744,-0.211881,0.729956,-0.665936,-0.535714,0.457745,0.316313,0.320179,-0.068575,-0.429374,-0.181895,-0.209503,0.472941,0.573259,-0.738968,0.064476,0.978216,-0.857804,-1.232168
0.866256,0.262924,1.182014,-0.121047,0.862892,-0.061592,0.006786,0.044970,-0.880600,-0.225347,-1.334101,-0.857884,-1.075662,-1.377747,-0.190760,-1.153069,0.839568,-0.176099,1.413028,0.980200
1.166024,-0.096908,-0.574862,-0.543340,-0.775498,-0.968348,1.431255,1.550055,-0.570832,-0.099464,-0.953060,-0.087568,1.454285,-1.283649,-0.442023,0.825641,-0.934832,0.820758,1.239333,-0.419530
0.971596,0.584592,0.005687,-1.076263,-0.525538,-0.374224,-0.200572,-0.673542,0.689507,1.610183,0.243091,0.028236,-1.245723,0.254998,0.542370,-1.479567,1.088081,-0.101271,-1.355105,0.543138
0.637121,1.355032,0.838994,-0.411526,0.299539,-1.245799,-1.196608,-0.387182,-0.347521,-0.443483,0.007938,-0.545633,1.463588,1.040285,-0.208232,1.572184,-0.301930,-0.019599,-1.321782,-0.615461
0.761766,0.900810,0.497140,-0.364311,0.604592,-0.208364,-0.880150,-1.635691,-1.175950,-0.045769,0.695493,-0.697350,0.667831,1.370449,0.476638,0.424015,-0.123556,1.178646,-1.454759,-0.271667
1.007528,-1.385220,1.385270,0.131668,0.575948,-1.197073,-0.693070,0.055651,-1.199462,0.198747,-0.612675,0.290372,0.297211,1.267296,0.439051,-0.299618,-0.311311,1.017569,-1.034902,-1.403187
1.435174,-0.405944,-0.070239,-1.580827,0.176562,-0.510018,0.926153,0.364267,-0.981219,-0.671244,0.625763,-0.981626,-0.504614,0.733565,-0.868573,1.467528,0.431809,0.173962,-1.448502,-0.160141
1.100818,0.292224,-0.699218,-1.432423,-0.156127,0.406669,0.858037,0.282976,-0.900926,1.036705,0.307928,-1.511998,0.452677,0.002750,-0.831365,0.577836,0.612877,0.607525,0.060055,-0.555002
0.287454,1.438491,1.193856,1.143301,0.517606,0.135504,0.877467,-1.007059,-0.880882,-1.548027,-0.503073,-1.266236,-1.198414,-0.458530,-0.290946,0.194288,0.476549,0.389772,0.645556,0.199291
0.481815,0.307584,0.117591,1.070011,-0.216752,1.669050,-0.074390,0.803134,0.502639,0.281156,0.982889,1.148486,0.947765,1.551942,0.518171,0.578198,0.242644,0.218820,0.451000,1.176876
1.409226,-0.665033,-0.219868,-1.554402,-0.400824,0.228143,0.415847,1.668526,-1.472803,0.319797,0.327583,-1.210923,0.120315,-0.455340,-0.361187,0.579486,1.492670,0.057973,-0.382212,-0.261357
-0.044336,-0.396189,0.881813,0.346799,0.197213,1.486436,1.023145,-0.263367,1.167464,1.053901,0.532638,0.939177,1.422436,-0.652668,0.660088,0.877220,0.454310,-0.361515,0.901236,-1.111864
-0.036781,1.643913,0.302763,1.501803,-0.108664,0.745780,0.666183,0.249556,-0.115303,0.690753,0.920848,1.424903,-0.008051,1.609591,0.998129,0.936486,0.235317,0.260152,0.966786,0.351958
1.365452,-0.789787,-0.730601,-0.631307,-0.501518,0.830839,0.350155,0.295977,-0.582020,-0.703929,1.426769,-0.102369,-0.669683,0.526421,-0.427710,0.049206,0.255888,-0.334821,-0.635851,-0.112856
1.291088,-1.152499,-1.130638,0.813371,0.068769,-0.142157,0.673459,-0.483745,-0.526110,0.841457,0.447773,-0.769085,-0.990498,0.357929,1.284637,0.127071,-0.508297,-0.489603,-0.561505,0.532541
0.944039,-0.118903,-0.542078,0.294894,-0.134832,-0.521725,0.696643,-0.480606,-0.897095,1.610966,0.617206,-1.220535,0.020170,0.016546,-0.696387,0.292690,1.145402,0.111205,-1.140676,0.418108
0.817312,0.419786,1.227599,-0.087556,1.161185,-0.353336,0.631045,-0.405702,-0.193808,-0.307768,-0.997802,-0.271401,-1.436488,-0.366254,-1.388029,-0.588083,-0.763810,-0.796531,0.091579,-0.793280
0.912965,-0.037608,-0.732826,0.352308,0.410025,0.487294,-0.082228,-1.663554,-0.285315,0.322347,0.636501,0.879719,-0.942575,-0.320861,1.205569,0.792541,-1.345772,-0.994819,1.324784,-0.881205
1.299989,-0.543278,-0.185310,-0.709319,-1.283907,0.196705,0.672372,0.374956,0.022915,0.240249,-0.166186,-0.030482,1.096239,-0.633007,-0.807990,-0.252539,-0.981140,1.028491,1.070444,0.485758
0.780422,-0.135576,-0.442321,-0.401052,0.385014,1.366415,-0.570874,0.767438,0.746434,-0.300926,-0.665364,1.223815,0.193255,1.278604,0.464942,-0.361867,-1.020424,0.502273,1.217353,1.235774
0.985325,0.206711,-0.930774,-0.312945,0.870104,0.374119,-0.841689,-0.808794,0.807486,-0.026193,-0.766479,1.513888,0.704947,-0.809291,-0.661509,-1.218960,0.645954,1.206316,-0.600192,0.295367
0.749648,0.279893,0.967489,0.242422,0.785357,0.699006,0.381568,0.648516,-0.049606,-0.290965,-0.332713,-1.353360,-0.485376,-1.527875,-0.497314,-0.808114,-0.465630,-0.186635,-0.386892,-0.295737
0.862343,-0.010628,-0.662348,0.266766,0.509952,1.403192,-0.486205,-0.749628,0.566325,-0.936207,-0.737335,0.298142,0.971433,-1.008039,-1.196903,0.015065,1.315271,1.596121,-1.358914,-0.151038
0.568955,1.133076,1.136258,0.314419,-0.924688,-0.717732,-0.418255,-1.081890,-0.203941,-0.545858,1.323335,0.420559,-0.207949,0.950374,-1.056921,0.712994,0.096519,-0.115194,0.537600,-0.772068
0.886514,-0.851284,0.346659,0.702761,-0.074884,-0.561565,-0.903998,0.450449,-0.192758,-0.327373,1.460061,0.212901,-0.143151,-0.133193,-1.259687,0.077739,0.221341,-0.059760,0.583571,0.039860
0.777653,1.019218,0.394377,-0.633170,-1.094645,-1.500150,0.383414,-0.044420,0.700572,1.577412,-0.547591,0.822366,-0.636541,-1.231237,1.283934,-1.426710,-0.495526,0.559801,-0.544540,1.654470
0.730628,-0.346284,0.650000,0.564881,-0.258217,-1.366047,-1.254969,1.651840,0.785312,-1.010980,0.499901,0.277059,0.294554,-0.432812,-1.486571,1.196992,0.483129,-1.533052,0.580681,0.949703
1.349869,-0.093827,0.513581,-1.475471,-0.514937,-1.234718,1.050073,0.013235,0.273829,0.256857,-0.974107,-0.708952,0.578036,-1.002464,-0.058578,0.272305,-1.381391,1.507112,0.214659,1.045367
1.027357,0.487758,-0.233385,-1.248783,-0.559049,-0.167139,0.374016,-0.227515,0.355223,1.686180,-0.441204,-0.582703,-0.324866,-0.360132,0.916215,-1.011632,-0.335695,0.816863,-0.893994,0.969101
0.810923,1.056237,0.352956,-1.017799,-0.769505,-1.478388,-0.293564,0.574319,1.300831,1.270747,-0.697431,0.008797,-0.446952,-0.471187,0.274891,-0.295868,1.037318,-0.566732,-1.413458,0.157658
0.535722,-1.105421,0.433984,-1.082440,0.201388,0.728030,0.010884,-0.295268,-0.105598,0.457283,-0.044617,1.400522,0.220803,-0.960782,0.577013,-0.720072,0.926348,0.261088,1.183214,-0.951894
1.004556,0.534808,-0.789289,-1.277512,0.396252,-0.083024,0.095575,1.399177,-0.445100,-0.485091,0.599139,-1.287502,-0.471626,0.965480,0.060098,0.991932,0.506168,-1.418751,-1.030228,-0.470801
0.766504,-0.369209,0.210604,1.401029,-1.228455,-0.209891,1.439251,-0.378769,-0.698725,-0.374518,-0.324884,-1.034810,0.781470,1.151733,-0.341672,-0.311598,-0.418610,1.479876,0.643821,-0.838939
0.698730,-0.299095,0.802658,1.140483,-0.772988,-1.665262,-0.600384,0.702345,0.518665,-0.396982,0.958164,1.425073,-0.903374,-1.497513,-0.499793,0.448548,0.369731,-0.603660,1.101049,1.609080
0.455795,0.835182,-0.009175,1.184204,0.834092,0.400068,1.353250,1.123950,0.580636,-0.133475,0.860589,0.922453,1.311011,-0.655753,0.338060,0.512652,0.026884,-1.074161,0.504128,0.059208
1.154872,-1.676076,0.843474,0.648260,-0.988355,-0.507237,-1.209015,1.606963,0.344506,-1.179844,0.748557,0.290092,-0.284601,-1.176960,-0.212509,1.616152,0.900505,-0.488209,0.521789,0.670559
0.739743,-0.440575,-0.518471,-0.431129,0.715252,1.120683,-1.171400,-0.270705,1.487007,-0.313189,-1.336117,1.273075,0.884873,-0.097633,-0.522331,-0.234380,0.589893,1.390412,-1.039596,0.053695
1.102334,-0.959732,-0.334469,0.835258,-0.710859,-0.660825,0.889272,0.429695,-0.049997,-0.164283,-0.746470,-0.102494,0.587237,0.377804,0.234138,-0.627401,-0.674420,0.829462,0.266822,-0.950766
1.230079,-0.574508,-1.369051,-0.304178,1.044741,1.081208,-0.357596,-1.363157,-0.289915,0.956819,0.556148,-0.212238,-0.510857,-0.328257,0.325312,0.266151,-0.410147,0.368208,0.816633,-1.178155
0.680105,-0.362701,0.713291,0.414804,0.227034,-1.047764,-1.407923,1.435802,0.054502,-1.000252,0.245457,0.082200,1.302199,0.414987,-0.739483,-0.037185,-0.642560,-0.465477,-0.451895,0.376492
1.474083,-1.081297,-0.384072,-0.595309,0.862919,0.001798,-0.016064,-1.585978,-0.237056,0.411562,0.385740,0.043523,-1.206018,-0.289212,0.544946,1.661583,-1.465175,-0.044913,0.307669,0.574792
1.220274,-0.339441,-0.171952,-0.235426,-1.387635,-0.833249,0.897588,0.191917,0.852920,1.630825,-1.090350,-0.592455,-0.022052,-1.229018,0.583667,0.398840,-0.483424,0.331048,0.355158,0.654596
1.207667,-0.237841,-1.445881,-0.982899,1.322065,1.421075,-0.892075,-0.714335,0.408861,-0.226848,-0.183839,0.128010,0.304543,0.871023,-0.588386,-1.638137,0.761820,1.202043,-0.539200,-0.022549
0.759375,0.709276,1.205994,0.304450,1.399925,-0.129310,1.289360,-0.546916,0.923564,-0.927751,0.347876,-1.171220,-0.302339,-1.276710,-0.855355,-1.253541,-1.135564,-1.061998,-1.191782,-0.746205
1.270618,-0.802438,-1.426389,0.086912,0.922560,0.446008,-0.299921,-0.327211,0.185269,-0.453278,-0.563039,1.343603,0.662156,-1.691612,-0.126265,1.243655,-0.631067,-0.293018,0.911366,-0.463531
0.715605,0.722589,0.508339,0.418334,0.864145,-0.553079,0.108517,-0.570902,-1.404345,-1.335789,-0.768929,-0.348443,0.398563,-0.655748,0.379467,0.924851,0.929612,0.320936,0.719888,1.581768
1.141190,-0.312525,-1.217630,-0.625552,1.015189,1.346568,-0.549502,-1.403133,-0.119827,0.765960,0.799191,0.331450,-1.289422,-1.312996,1.513200,1.655270,-1.336635,-1.208319,0.859101,0.119728
0.917232,0.241405,0.613869,0.643749,-0.215399,-1.280749,-0.521376,-0.918048,-0.431391,-0.226678,-0.019396,-0.549276,0.707987,1.382483,0.772335,0.820045,-0.465523,0.229565,-1.293863,0.481054
0.646184,0.921014,0.756261,-0.045590,-1.414962,-0.618851,0.457102,-0.260485,0.543733,0.275331,-0.069199,0.127235,-0.927458,-0.439787,0.644262,-0.427897,0.819694,0.397695,-1.391855,1.064131
0.473592,-0.864158,1.197473,1.305534,-1.066406,-0.559508,-0.694101,1.564524,1.080737,-0.374599,0.249198,1.676523,-0.463099,-0.309536,-0.543240,1.658048,0.204961,-0.393911,1.158352,1.507956
0.413686,-0.582921,0.045189,-0.255577,1.178542,1.051997,1.022382,-1.438862,0.548954,1.206983,1.314884,-0.564011,0.492372,-0.099850,-0.091050,0.298291,0.360567,0.003620,-0.769056,-0.705399
0.400432,1.515431,0.964783,0.428348,0.822044,-0.857506,0.139537,-0.704767,-0.683086,-0.266252,-0.980641,-0.901359,-0.686101,-1.331386,0.190358,-0.195470,0.796371,1.131658,1.004358,0.958591
0.317312,-0.178008,0.218577,-0.697999,1.301402,1.127501,0.466655,-0.859161,1.382420,0.098369,0.608807,0.674964,0.560505,-0.999972,0.433172,0.702746,-0.598544,-0.015158,-0.052503,-0.618184
1.379074,-1.128120,-1.234421,0.060505,0.507515,1.102377,-0.964932,-1.149100,1.476811,-0.030145,-0.831848,1.163679,0.565987,-1.119313,-1.320731,-0.111881,1.292980,1.250366,-0.522840,-1.110363
0.941150,-0.997846,1.481171,0.470994,1.233673,-0.532627,0.375893,-0.502927,-0.399442,0.116475,-0.490409,-1.337987,0.172128,0.434556,1.003469,-1.577685,1.366477,0.105438,0.905768,-1.065108
1.291843,-1.100137,-1.194360,0.687123,0.228187,-0.119662,0.567065,-0.357974,-0.529869,0.475789,0.350533,-0.219996,-0.772951,-0.138167,1.357068,0.366225,-1.026084,-0.242465,-0.008311,-0.172402
1.247404,0.246320,0.995416,-0.936626,-0.460793,-1.319531,0.235435,-0.577842,1.406368,0.288002,0.274059,0.149064,-0.627264,-0.919329,0.688869,-1.690483,1.070225,-1.257031,-0.508115,-0.135365
0.566589,-0.479756,0.569060,-0.067744,1.319587,0.482272,-0.312785,-0.659149,-0.515128,0.633084,-0.875306,-0.493794,-0.971463,0.300590,0.715219,-0.196791,0.462787,0.147121,1.122598,-0.134980
0.804362,0.253383,-0.199718,-0.301888,-0.454885,1.049064,0.877409,1.344288,-1.013191,-0.478630,0.782324,-1.053033,-0.284470,0.178134,-0.268920,-0.145138,0.713453,-1.458576,-0.881729,-0.508442
1.373954,-1.535021,-0.512889,0.456850,-0.654759,0.853593,0.363278,-0.743380,-0.957038,0.270887,1.200068,-0.824275,0.295350,1.319288,-0.644640,-0.264990,0.506040,-1.108335,-1.264732,1.060980
1.248661,-0.079929,0.908061,-1.344843,-0.761125,-1.448749,-0.418579,-0.128645,0.620593,1.360158,-0.474912,1.542916,-1.472365,0.335311,-0.076784,-0.989134,0.795874,-1.173287,-0.383565,-0.280527
0.541895,0.699523,0.262146,1.186736,0.962404,-0.101228,1.430800,0.805750,0.385840,-0.937061,-0.141297,0.067599,0.093444,-1.314465,-0.734920,-0.643264,-1.481336,-1.090443,-0.678352,-1.042268
1.312174,-1.435671,-0.765452,1.077939,-0.686081,-0.027229,0.975984,-1.098602,-0.509326,1.650511,0.599800,-1.283877,-0.548987,0.343987,-0.703599,0.514658,1.469899,-0.816531,-0.671393,0.634609
1.023712,0.186347,0.259821,0.070464,-0.846825,-1.696123,-0.201555,0.159992,0.613707,-0.013649,0.258643,1.246216,-0.422489,0.588495,-0.365965,-0.909620,0.259773,-0.369434,0.545590,-1.206084
1.050677,0.036720,-1.104344,-0.630154,1.108708,0.480647,-1.068781,-0.216240,0.982596,0.215175,-0.864720,-0.000600,0.680241,-0.630359,-0.491893,1.003884,0.293170,-0.313427,-0.049242,-1.021967
0.876246,0.557658,-0.357546,-0.465785,-0.398215,0.025177,1.096888,0.247078,-1.464485,-0.747068,1.389050,-0.462269,-0.897141,1.233222,0.234973,0.917099,0.416122,-1.265013,-0.774332,-1.258931
0.327574,1.169434,1.398105,0.875029,0.083764,0.263196,0.011937,-0.441992,-1.093120,-0.856836,-0.908456,-0.923902,0.689225,-0.618044,0.469508,-0.095188,1.116594,0.420508,-0.181984,0.698638
0.747310,-1.081736,0.494641,0.992285,0.746370,-0.776619,0.245553,0.465644,-1.310389,-0.171399,-0.999030,-0.104927,0.416913,0.257279,0.550682,-0.318619,0.630220,0.239451,0.815160,-0.030632
1.041824,-0.406196,-0.648005,-0.120490,-0.068803,0.353657,0.517660,-0.352029,-0.416408,0.251074,-0.117676,-0.252439,0.610907,0.469037,-0.632263,-0.730186,0.048694,0.878245,0.767585,-0.662929
0.454150,0.668016,-0.019655,1.500920,0.513690,0.143239,1.341362,1.389591,0.891566,0.074267,0.537849,0.593740,1.235504,0.361443,1.186725,-0.413908,0.212233,0.472477,0.188348,-1.043851
